Workbook

Sheet Query 1x
A1: 2003 | B1: Weight | C1: Total_Execution_Time | D1: Execution_Count | E1: Mean_Execution_Time | F1: Std_Dev_Execution_Time | G1: Total_Execution_Percentage | H1: Actual_Rows
A2: QueryType
A3: 1 | B3: 0.603 | C3: 827.589 | D3: 569 | E3: 1.454462 | F3: 2.338846 | G3: 1.044841 | H3: 1
A4: 2 | B4: 0.2246 | C4: 45250.429 | D4: 235 | E4: 192.55502 | F4: 120.07904 | G4: 57.129185 | H4: 942.9
A5: 3 | B5: 0.0475 | C5: 8857.111 | D5: 45 | E5: 196.82469 | F5: 157.26191 | G5: 11.182204 | H5: 306
A6: 4 | B6: 0.114 | C6: 24271.597 | D6: 136 | E6: 178.46762 | F6: 143.37982 | G6: 30.643169 | H6: 269.7
A7: 5 | B7: 0.0109 | C7: 0.476 | D7: 15 | E7: 0.031733 | F7: 0.025004 | G7: 0.000601 | H7: 1
E8: =SUMPRODUCT(B3:B7,E3:E7) -> 73.819725 | H8: =SUMPRODUCT(B3:B7,H3:H7) -> 257.67004
A10: 2003 opt | B10: Weight | C10: Total_Execution_Time | D10: Execution_Count | E10: Mean_Execution_Time | F10: Std_Dev_Execution_Time | G10: Total_Execution_Percentage | H10: Actual_Rows
A11: QueryType
A12: 1 | B12: 0.603 | C12: 915.398 | D12: 586 | E12: 1.562113 | F12: 1.326388 | G12: 12.084563 | H12: 1
A13: 2 | B13: 0.2246 | C13: 2855.54 | D13: 248 | E13: 11.514274 | F13: 7.672408 | G13: 37.697211 | H13: 942.4
A14: 3 | B14: 0.0475 | C14: 1130.362 | D14: 42 | E14: 26.913381 | F14: 20.521537 | G14: 14.922395 | H14: 293.7
A15: 4 | B15: 0.114 | C15: 2672.638 | D15: 110 | E15: 24.296709 | F15: 19.526899 | G15: 35.282643 | H15: 270.2
A16: 5 | B16: 0.0109 | C16: 0.999 | D16: 14 | E16: 0.071357 | F16: 0.037963 | G16: 0.013188 | H16: 1
E17: =SUMPRODUCT(B12:B16,E12:E16) -> 7.5770483 | F17: =SQRT(SUMPRODUCT(B12:B16,F12:F16)/SUM(B12:B16)) -> 2.3925485 | H17: =SUMPRODUCT(B12:B16,H12:H16) -> 257.03049
H18: =AVERAGEIF(H12:H16,">1") -> 502.1
A19: 2013 over03opt | B19: Weight | C19: Total_Execution_Time | D19: Execution_Count | E19: Mean_Execution_Time | F19: Std_Dev_Execution_Time | G19: Total_Execution_Percentage | H19: Actual_Rows | J19: 2013 opt | K19: Weight | L19: Total_Execution_Time | M19: Execution_Count | N19: Mean_Execution_Time | O19: Std_Dev_Execution_Time | P19: Total_Execution_Percentage | Q19: Actual_Rows | S19: 2013 | T19: Weight | U19: Total_Execution_Time | V19: Execution_Count | W19: Mean_Execution_Time | X19: Std_Dev_Execution_Time | Y19: Total_Execution_Percentage | Z19: Actual_Rows
A20: QueryType | J20: QueryType | S20: QueryType
A21: 1 | B21: 0.1066 | C21: 1715.498 | D21: 1901 | E21: 9.02419e-07 | F21: 1.024013 | G21: 1.50641e-07 | H21: 1 | J21: 1 | K21: 0.1066 | L21: 34348.437 | M21: 18899 | N21: 1.817474 | O21: 1.229958 | P21: 11.845737 | Q21: 1 | S21: 1 | T21: 0.1066 | U21: 186490.68 | V21: 19009 | W21: 9.810652 | X21: 8.262563 | Y21: 3.732976 | Z21: 1
A22: 2 | B22: 0.0133 | C22: 2220.577 | D22: 251 | E22: 8.84692 | F22: 6.510342 | G22: 1.94993e-07 | H22: 1007 | J22: 2 | K22: 0.0133 | L22: 28142.873 | M22: 2349 | N22: 11.980789 | O22: 7.942078 | P22: 9.705626 | Q22: 559.2 | S22: 2 | T22: 0.0133 | U22: 813700.35 | V22: 2393 | W22: 340.03358 | X22: 195.24016 | Y22: 16.287808 | Z22: 945.8
A23: 3 | B23: 0.1413 | C23: 1132941.8 | D23: 2521 | E23: 449.40173 | F23: 250.91588 | G23: 99.485776 | H23: 418.3 | J23: 3 | K23: 0.1413 | L23: 159735.83 | M23: 25180 | N23: 6.343758 | O23: 3.454123 | P23: 55.088056 | Q23: 426.3 | S23: 3 | T23: 0.1413 | U23: 3975849.1 | V23: 25463 | W23: 156.14221 | X23: 89.084966 | Y23: 79.584414 | Z23: 414.6
A24: 4 | B24: 0.0547 | C24: 41.125 | D24: 982 | E24: 4.1879e-08 | F24: 2.9314e-08 | G24: 3.611e-09 | H24: 1 | J24: 4 | K24: 0.0547 | L24: 292.032 | M24: 9833 | N24: 2.9699e-08 | O24: 1.3224e-08 | P24: 1.00713e-07 | Q24: 1 | S24: 4 | T24: 0.0547 | U24: 201.389 | V24: 9802 | W24: 2.0546e-08 | X24: 1.1872e-08 | Y24: 4.031e-09 | Z24: 1
A25: 5 | B25: 0.0468 | C25: 23 | D25: 861 | E25: 2.6713e-08 | F25: 2.0212e-08 | G25: 2.02e-09 | H25: 0.16 | J25: 5 | K25: 0.0468 | L25: 8055.896 | M25: 8388 | N25: 9.60407e-07 | O25: 24.359742 | P25: 2.778235 | Q25: 0.17 | S25: 5 | T25: 0.0468 | U25: 100.319 | V25: 8352 | W25: 1.2011e-08 | X25: 7.861e-09 | Y25: 2.008e-09 | Z25: 0.16
A26: 6 | B26: 0.1078 | C26: 227.59 | D26: 1873 | E26: 1.21511e-07 | F26: 1.56227e-07 | G26: 1.9985e-08 | H26: 1 | J26: 6 | K26: 0.1078 | L26: 16143.956 | M26: 19448 | N26: 8.30109e-07 | O26: 13.875934 | P26: 5.567562 | Q26: 1 | S26: 6 | T26: 0.1078 | U26: 250.407 | V26: 19363 | W26: 1.2932e-08 | X26: 7.762e-09 | Y26: 5.012e-09 | Z26: 1
A27: 7 | B27: 0.0349 | C27: 17.433 | D27: 617 | E27: 2.8254e-08 | F27: 2.1227e-08 | G27: 1.531e-09 | H27: 4 | J27: 7 | K27: 0.0349 | L27: 12229.996 | M27: 6294 | N27: 1.94312 | O27: 28.418641 | P27: 4.217756 | Q27: 4 | S27: 7 | T27: 0.0349 | U27: 6654.247 | V27: 6217 | W27: 1.070331 | X27: 17.565949 | Y27: 1.33198e-07 | Z27: 4
A28: 8 | B28: 0.0263 | C28: 12.48 | D28: 498 | E28: 2.506e-08 | F28: 1.7746e-08 | G28: 1.096e-09 | H28: 1 | J28: 8 | K28: 0.0263 | L28: 147.201 | M28: 4807 | N28: 3.0622e-08 | O28: 1.3769e-08 | P28: 5.0765e-08 | Q28: 1 | S28: 8 | T28: 0.0263 | U28: 100.56 | V28: 4672 | W28: 2.1524e-08 | X28: 1.2088e-08 | Y28: 2.013e-09 | Z28: 1
A29: 9 | B29: 0.0273 | C29: 1598.268 | D29: 496 | E29: 3.222315 | F29: 2.479346 | G29: 1.40347e-07 | H29: 0.13 | J29: 9 | K29: 0.0273 | L29: 30868.318 | M29: 4802 | N29: 6.428221 | O29: 2.83814 | P29: 10.645549 | Q29: 0.08 | S29: 9 | T29: 0.0273 | U29: 12416.446 | V29: 4729 | W29: 2.625597 | X29: 1.622757 | Y29: 2.4854e-07 | Z29: 0.1
E30: =SUMPRODUCT(B21:B29,E21:E29) -> 63.706097 | F30: =SQRT(SUMPRODUCT(B21:B29,F21:F29)/SUM(B21:B29)) -> 7.9934955 | H30: =SUMPRODUCT(B21:B29,H21:H29) -> 72.944927 | N30: =SUMPRODUCT(K21:K29,N21:N29) -> 1.4927657 | O30: =SQRT(SUMPRODUCT(K21:K29,O21:O29)/SUM(K21:K29)) -> 2.8151024 | Q30: =SUMPRODUCT(K21:K29,Q21:Q29) -> 68.11869 | W30: =SUMPRODUCT(T21:T29,W21:W29) -> 27.74019 | Z30: =SUMPRODUCT(T21:T29,Z21:Z29) -> 71.607338
Z31: =AVERAGEIF(Z21:Z29,">1") -> 454.8
A32: 2023 over03opt | B32: Weight | C32: Total_Execution_Time | D32: Execution_Count | E32: Mean_Execution_Time | F32: Std_Dev_Execution_Time | G32: Total_Execution_Percentage | H32: Actual_Rows | J32: 2023 over13opt | K32: Weight | L32: Total_Execution_Time | M32: Execution_Count | N32: Mean_Execution_Time | O32: Std_Dev_Execution_Time | P32: Total_Execution_Percentage | Q32: Actual_Rows | S32: 2023 opt | T32: Weight | U32: Total_Execution_Time | V32: Execution_Count | W32: Mean_Execution_Time | X32: Std_Dev_Execution_Time | Y32: Total_Execution_Percentage | Z32: Actual_Rows | AB32: 2023 | AC32: Weight | AD32: Total_Execution_Time | AE32: Execution_Count | AF32: Mean_Execution_Time | AG32: Std_Dev_Execution_Time | AH32: Total_Execution_Percentage | AI32: Actual_Rows
A33: QueryType | J33: QueryType | S33: QueryType | AB33: QueryType
A34: 1 | B34: 0.0793 | C34: 7086.825 | D34: 794 | E34: 8.925472 | F34: 7.063757 | G34: 1.13449e-07 | H34: 937 | J34: 1 | K34: 0.0793 | L34: 292597.2 | M34: 846 | N34: 345.85958 | O34: 48.309656 | P34: 10.109639 | Q34: 953.2 | S34: 1 | T34: 0.0793 | U34: 10102.714 | V34: 822 | W34: 12.290406 | X34: 8.470029 | Y34: 1.364325 | Z34: 965.3 | AB34: 1 | AC34: 0.0793 | AD34: 60549.926 | AE34: 831 | AF34: 72.86393 | AG34: 42.566394 | AH34: 4.06583 | AI34: 191.2
A35: 2 | B35: 0.0616 | C35: 535.417 | D35: 616 | E35: 8.69183e-07 | F35: 9.31686e-07 | G35: 8.571e-09 | H35: 1 | J35: 2 | K35: 0.0616 | L35: 254.613 | M35: 607 | N35: 4.19461e-07 | O35: 4.58152e-07 | P35: 8.797e-09 | Q35: 1 | S35: 2 | T35: 0.0616 | U35: 733.521 | V35: 608 | W35: 1.206449 | X35: 1.443203 | Y35: 9.9059e-08 | Z35: 1 | AB35: 2 | AC35: 0.0616 | AD35: 2665.34 | AE35: 666 | AF35: 4.002012 | AG35: 2.918797 | AH35: 1.78973e-07 | AI35: 1
A36: 3 | B36: 0.0903 | C36: 112051.01 | D36: 956 | E36: 117.20817 | F36: 163.1556 | G36: 1.793762 | H36: 154.7 | J36: 3 | K36: 0.0903 | L36: 6078.994 | M36: 954 | N36: 6.372111 | O36: 6.073468 | P36: 2.10038e-07 | Q36: 2.5 | S36: 3 | T36: 0.0903 | U36: 46837.083 | V36: 863 | W36: 54.272402 | X36: 69.290691 | Y36: 6.325132 | Z36: 2.45 | AB36: 3 | AC36: 0.0903 | AD36: 18227.59 | AE36: 955 | AF36: 19.086482 | AG36: 25.383277 | AH36: 1.223953 | AI36: 29
A37: 4 | B37: 0.0767 | C37: 426870.79 | D37: 803 | E37: 531.595 | F37: 213.16259 | G37: 6.833536 | H37: 3746.4 | J37: 4 | K37: 0.0767 | L37: 99561.641 | M37: 807 | N37: 123.37254 | O37: 296.18137 | P37: 3.439993 | Q37: 3842.7 | S37: 4 | T37: 0.0767 | U37: 3620.016 | V37: 829 | W37: 4.366726 | X37: 9.799337 | Y37: 4.88866e-07 | Z37: 3283 | AB37: 4 | AC37: 0.0767 | AD37: 393686.36 | AE37: 761 | AF37: 517.32767 | AG37: 208.58053 | AH37: 26.435405 | AI37: 3488.2
A38: 5 | B38: 0.0142 | C38: 4.931 | D38: 139 | E38: 3.5475e-08 | F38: 2.7178e-08 | G38: 7.9e-11 | H38: 0.17 | J38: 5 | K38: 0.0142 | L38: 5.316 | M38: 142 | N38: 3.7437e-08 | O38: 2.3384e-08 | P38: 1.84e-10 | Q38: 0.18 | S38: 5 | T38: 0.0142 | U38: 3.429 | V38: 148 | W38: 2.3169e-08 | X38: 1.6194e-08 | Y38: 4.63e-10 | Z38: 0 | AB38: 5 | AC38: 0.0142 | AD38: 1.722 | AE38: 154 | AF38: 1.1182e-08 | AG38: 4.763e-09 | AH38: 1.16e-10 | AI38: 0.01
A39: 6 | B39: 0.3801 | C39: 636.737 | D39: 3886 | E39: 1.63854e-07 | F39: 1.65946e-07 | G39: 1.0193e-08 | H39: 1 | J39: 6 | K39: 0.3801 | L39: 757.434 | M39: 3964 | N39: 1.91078e-07 | O39: 1.69283e-07 | P39: 2.617e-08 | Q39: 1 | S39: 6 | T39: 0.3801 | U39: 938.975 | V39: 4079 | W39: 2.30197e-07 | X39: 1.72634e-07 | Y39: 1.26804e-07 | Z39: 1 | AB39: 6 | AC39: 0.3801 | AD39: 165.273 | AE39: 4047 | AF39: 4.0838e-08 | AG39: 6.4435e-08 | AH39: 1.1098e-08 | AI39: 1
A40: 7 | B40: 0.0453 | C40: 4786249.9 | D40: 483 | E40: 9909.4201 | F40: 4050.8229 | G40: 76.620407 | H40: 8715.8 | J40: 7 | K40: 0.0453 | L40: 1812630.3 | M40: 496 | N40: 3654.4965 | O40: 1364.9548 | P40: 62.628891 | Q40: 9241 | S40: 7 | T40: 0.0453 | U40: 254725.17 | V40: 463 | W40: 550.16236 | X40: 983.88583 | Y40: 34.399461 | Z40: 9669 | AB40: 7 | AC40: 0.0453 | AD40: 692063.42 | AE40: 451 | AF40: 1534.5087 | AG40: 2174.2692 | AH40: 46.470943 | AI40: 10176.4
A41: 8 | B41: 0.082 | C41: 173.809 | D41: 895 | E41: 1.942e-07 | F41: 2.08083e-07 | G41: 2.782e-09 | H41: 0.64 | J41: 8 | K41: 0.082 | L41: 153.707 | M41: 902 | N41: 1.70407e-07 | O41: 1.5755e-07 | P41: 5.311e-09 | Q41: 0.64 | S41: 8 | T41: 0.082 | U41: 183.233 | V41: 858 | W41: 2.13558e-07 | X41: 1.80992e-07 | Y41: 2.4745e-08 | Z41: 0.64 | AB41: 8 | AC41: 0.082 | AD41: 14.778 | AE41: 804 | AF41: 1.8381e-08 | AG41: 1.9748e-08 | AH41: 9.92e-10 | AI41: 0.13
A42: 9 | B42: 0.0061 | C42: 118452.36 | D42: 72 | E42: 1645.1717 | F42: 498.36442 | G42: 1.896238 | H42: 3940.9 | J42: 9 | K42: 0.0061 | L42: 178472.39 | M42: 66 | N42: 2704.1271 | O42: 1089.7229 | P42: 6.166469 | Q42: 3552 | S42: 9 | T42: 0.0061 | U42: 3393.655 | V42: 62 | W42: 54.736371 | X42: 99.199455 | Y42: 4.58297e-07 | Z42: 3577.6 | AB42: 9 | AC42: 0.0061 | AD42: 59771.34 | AE42: 67 | AF42: 892.10955 | AG42: 1722.466 | AH42: 4.013549 | AI42: 3550.9
A43: 10 | B43: 0.0055 | C43: 116362.04 | D43: 70 | E43: 1662.3148 | F43: 480.93155 | G43: 1.862775 | H43: 3954.1 | J43: 10 | K43: 0.0055 | L43: 151989.21 | M43: 56 | N43: 2714.0931 | O43: 864.30381 | P43: 5.251438 | Q43: 2027.2 | S43: 10 | T43: 0.0055 | U43: 2795.051 | V43: 65 | W43: 43.000785 | X43: 19.369023 | Y43: 3.77459e-07 | Z43: 4338.8 | AB43: 10 | AC43: 0.0055 | AD43: 16288.583 | AE43: 49 | AF43: 332.42006 | AG43: 268.87517 | AH43: 1.093752 | AI43: 3633.9
A44: 11 | B44: 0.0097 | C44: 83629.522 | D44: 102 | E44: 819.89728 | F44: 14.50006 | G44: 1.338778 | H44: 1 | J44: 11 | K44: 0.0097 | L44: 28401.687 | M44: 86 | N44: 330.25217 | O44: 12.928972 | P44: 9.81318e-07 | Q44: 1 | S44: 11 | T44: 0.0097 | U44: 672.207 | V44: 101 | W44: 6.655515 | X44: 4.319088 | Y44: 9.0778e-08 | Z44: 1 | AB44: 11 | AC44: 0.0097 | AD44: 18304.471 | AE44: 84 | AF44: 217.91037 | AG44: 8.553571 | AH44: 1.229116 | AI44: 1
A45: 12 | B45: 0.0062 | C45: 101664.01 | D45: 64 | E45: 1588.5002 | F45: 517.03241 | G45: 1.627483 | H45: 1 | J45: 12 | K45: 0.0062 | L45: 171736.85 | M45: 68 | N45: 2525.5419 | O45: 510.99542 | P45: 5.933746 | Q45: 1 | S45: 12 | T45: 0.0062 | U45: 4781.982 | V45: 70 | W45: 68.314029 | X45: 12.51304 | Y45: 6.45785e-07 | Z45: 1 | AB45: 12 | AC45: 0.0062 | AD45: 36005.422 | AE45: 73 | AF45: 493.22496 | AG45: 196.0633 | AH45: 2.417706 | AI45: 1
... A48: 15 | B48: 0.0769 | C48: 7311.26 | D48: 864 | E48: 8.462106 | F48: 5.919869 | G48: 1.17042e-07 | H48: 0.88 | J48: 15 | K48: 0.0769 | L48: 7351.296 | M48: 798 | N48: 9.21215 | O48: 6.006124 | P48: 2.53997e-07 | Q48: 0.89 | S48: 15 | T48: 0.0769 | U48: 5463.357 | V48: 800 | W48: 6.829196 | X48: 4.887139 | Y48: 7.37801e-07 | Z48: 0.88 | AB48: 15 | AC48: 0.0769 | AD48: 1332.163 | AE48: 818 | AF48: 1.628561 | AG48: 3.595958 | AH48: 8.9453e-08 | AI48: 0.18
E49: =SUMPRODUCT(B34:B48,E34:E48) -> 571.1808 | H49: =SUMPRODUCT(B34:B48,H34:H48) -> 843.0174 | N49: =SUMPRODUCT(K34:K48,N34:N48) -> 269.71696 | Q49: =SUMPRODUCT(K34:K48,Q34:Q48) -> 837.63239 | W49: =SUMPRODUCT(T34:T48,W34:W48) -> 66.730691 | Z49: =SUMPRODUCT(T34:T48,Z34:Z48) -> 823.01295 | AF49: =SUMPRODUCT(AC34:AC48,AF34:AF48) -> 145.8533 | AI49: =SUMPRODUCT(AC34:AC48,AI34:AI48) -> 806.27608
AI50: =AVERAGEIF(AI34:AI48,">1") -> 2988.6

Sheet Mig 1x
A1: W | C1: Query volume | D1: Original query volume
A2: alpha | C2: 10000 | D2: 50333
A3: beta | C3: 10000 | D3: 1489126
A4: gamma | C4: 10000 | D4: 3623390
A6: W beta (2013) | B6: Avg q time | C6: Total time (sec) on query volume | D6: Total time (sec) on original query volume | F6: Total time (min) on query volume | G6: Total time (min) on original query volume | K6: Mig time (sec) from alpha | L6: Scaled (sec) | M6: Scaled (min) | N6: Scaled (h) | O6: Scaled (d)
A7: D2_alpha | B7: ='Query 1x'!E30 -> 63.706097 | C7: =$B7*C$3/1000 -> 637.06097 | D7: =$B7*D$3/1000 -> 94866.406 | F7: =C7/60 -> 10.617683 | G7: =D7/60 -> 1581.1068
A8: D2_beta | B8: ='Query 1x'!N30 -> 1.4927657 | C8: =$B8*C$3/1000 -> 14.927657 | D8: =$B8*D$3/1000 -> 2222.9162 | F8: =C8/60 -> 0.24879428 | G8: =D8/60 -> 37.048603 | K8: 55.1 | L8: =K8*$D$24 -> 678281 | M8: =L8/60 -> 11304.683 | N8: =M8/60 -> 188.41139 | O8: =N8/24 -> 7.8504745
A10: W gamma (2023) | B10: Avg q time | C10: Total time (sec) on query volume | D10: Total time (sec) on original query volume | F10: Total time (min) on query volume | G10: Total time (min) on original query volume | H10: Total time (h) on original query volume | I10: Total time (d) on original query volume | K10: Mig time (sec) from beta | L10: Scaled (sec) | M10: Scaled (min) | N10: Scaled (h) | O10: Scaled (d)
A11: D3_alpha | B11: ='Query 1x'!E49 -> 571.1808 | C11: =$B11*C$4/1000 -> 5711.808 | D11: =$B11*D$4/1000 -> 2069610.8 | F11: =C11/60 -> 95.1968 | G11: =D11/60 -> 34493.513 | H11: =G11/60 -> 574.89189 | I11: =H11/24 -> 23.953829
A12: D3_beta | B12: ='Query 1x'!N49 -> 269.71696 | C12: =$B12*C$4/1000 -> 2697.1696 | D12: =$B12*D$4/1000 -> 977289.73 | F12: =C12/60 -> 44.952826 | G12: =D12/60 -> 16288.162 | H12: =G12/60 -> 271.46937 | I12: =H12/24 -> 11.311224
A13: D3_gamma | B13: ='Query 1x'!W49 -> 66.730691 | C13: =$B13*C$4/1000 -> 667.30691 | D13: =$B13*D$4/1000 -> 241791.32 | F13: =C13/60 -> 11.121782 | G13: =D13/60 -> 4029.8553 | H13: =G13/60 -> 67.164256 | I13: =H13/24 -> 2.7985106 | K13: 93 | L13: =K13*$D$24 -> 1144830 | M13: =L13/60 -> 19080.5 | N13: =M13/60 -> 318.00833 | O13: =N13/24 -> 13.250347
A23: Table | B23: Original card | C23: Sample card | D23: Rate
A24: PhotoObjAll | B24: 1231000000 | C24: 100000 | D24: =B24/C24 -> 12310

Sheet Query 2x
A1: 2003 | B1: Weight | C1: Total_Execution_Time | D1: Execution_Count | E1: Mean_Execution_Time | F1: Std_Dev_Execution_Time | G1: Total_Execution_Percentage
A2: QueryType
A3: 1 | B3: 0.603 | C3: 422.074 | D3: 606 | E3: 6.96492e-07 | F3: 5.14922e-07 | G3: 5.99454e-07
A4: 2 | B4: 0.2246 | C4: 37755.193 | D4: 229 | E4: 164.86984 | F4: 81.929844 | G4: 53.622111
A5: 3 | B5: 0.0475 | C5: 9367.606 | D5: 44 | E5: 212.90014 | F5: 158.20356 | G5: 13.304417
A6: 4 | B6: 0.114 | C6: 22864.569 | D6: 108 | E6: 211.70897 | F6: 153.71595 | G6: 32.473585
A7: 5 | B7: 0.0109 | C7: 0.000305 | D7: 13 | E7: 2.3462e-08 | F7: 1.1949e-08 | G7: 4.33e-10
E8: =SUMPRODUCT(B3:B7,E3:E7) -> 71.277345
A10: 2003 opt | B10: Weight | C10: Total_Execution_Time | D10: Execution_Count | E10: Mean_Execution_Time | F10: Std_Dev_Execution_Time | G10: Total_Execution_Percentage
A11: QueryType
A12: 1 | B12: 0.603 | C12: 617.276 | D12: 623 | E12: 9.90812e-07 | F12: 9.06839e-07 | G12: 10.401206
A13: 2 | B13: 0.2246 | C13: 1902.608 | D13: 187 | E13: 10.174374 | F13: 8.987102 | G13: 32.059269
A14: 3 | B14: 0.0475 | C14: 768.805 | D14: 54 | E14: 14.23713 | F14: 19.181145 | G14: 12.954495
A15: 4 | B15: 0.114 | C15: 2645.376 | D15: 122 | E15: 21.68341 | F15: 20.490526 | G15: 44.575037
A16: 5 | B16: 0.0109 | C16: 0.000593 | D16: 14 | E16: 4.2357e-08 | F16: 2.2687e-08 | G16: 9.992e-09
E17: =SUMPRODUCT(B12:B16,E12:E16) -> 5.4333374 | F17: =SQRT(SUMPRODUCT(B12:B16,F12:F16)/SUM(B12:B16)) -> 2.2946738
A19: 2013 over03opt | B19: Weight | C19: Total_Execution_Time | D19: Execution_Count | E19: Mean_Execution_Time | F19: Std_Dev_Execution_Time | G19: Total_Execution_Percentage | I19: 2013 opt | J19: Weight | K19: Total_Execution_Time | L19: Execution_Count | M19: Mean_Execution_Time | N19: Std_Dev_Execution_Time | O19: Total_Execution_Percentage | Q19: 2013 | R19: Weight | S19: Total_Execution_Time | T19: Execution_Count | U19: Mean_Execution_Time | V19: Std_Dev_Execution_Time | W19: Total_Execution_Percentage
A20: QueryType | I20: QueryType | Q20: QueryType
A21: 1 | B21: 0.1066 | C21: 1250.309 | D21: 1925 | E21: 6.49511e-07 | F21: 7.15663e-07 | G21: 1.17152e-07 | I21: 1 | J21: 0.1066 | K21: 1601.902 | L21: 1942 | M21: 8.24872e-07 | N21: 4.84482e-07 | O21: 5.641093 | Q21: 1 | R21: 0.1066 | S21: 1212.402 | T21: 1940 | U21: 6.24949e-07 | V21: 4.47472e-07 | W21: 2.48188e-07
A22: 2 | B22: 0.0133 | C22: 2465.773 | D22: 224 | E22: 11.007915 | F22: 9.422103 | G22: 2.31039e-07 | I22: 2 | J22: 0.0133 | K22: 3550.286 | L22: 206 | M22: 17.234398 | N22: 8.62659 | O22: 12.502321 | Q22: 2 | R22: 0.0133 | S22: 64886.811 | T22: 228 | U22: 284.59128 | V22: 132.45937 | W22: 13.28285
A23: 3 | B23: 0.1413 | C23: 1050905.9 | D23: 2501 | E23: 420.19428 | F23: 225.00731 | G23: 98.468305 | I23: 3 | J23: 0.1413 | K23: 18066.354 | L23: 2579 | M23: 7.005178 | N23: 3.987335 | O23: 63.620607 | Q23: 3 | R23: 0.1413 | S23: 422313.88 | T23: 2654 | U23: 159.12354 | V23: 89.085866 | W23: 86.451036
A24: 4 | B24: 0.0547 | C24: 806.488 | D24: 961 | E24: 8.39217e-07 | F24: 20.694286 | G24: 7.5567e-08 | I24: 4 | J24: 0.0547 | K24: 129.659 | L24: 951 | M24: 1.3634e-07 | N24: 1.144816 | O24: 4.56594e-07 | Q24: 4 | R24: 0.0547 | S24: 20.693 | T24: 979 | U24: 2.1137e-08 | V24: 1.2507e-08 | W24: 4.236e-09
A25: 5 | B25: 0.0468 | C25: 22.492 | D25: 826 | E25: 2.723e-08 | F25: 1.9897e-08 | G25: 2.107e-09 | I25: 5 | J25: 0.0468 | K25: 565.203 | L25: 808 | M25: 6.99509e-07 | N25: 3.784601 | O25: 1.990361 | Q25: 5 | R25: 0.0468 | S25: 8.91 | T25: 788 | U25: 1.1307e-08 | V25: 6.631e-09 | W25: 1.824e-09
A26: 6 | B26: 0.1078 | C26: 4326.369 | D26: 1992 | E26: 2.171872 | F26: 34.158247 | G26: 4.05374e-07 | I26: 6 | J26: 0.1078 | K26: 3339.291 | L26: 1939 | M26: 1.722172 | N26: 7.584774 | O26: 11.759302 | Q26: 6 | R26: 0.1078 | S26: 26.081 | T26: 1888 | U26: 1.3814e-08 | V26: 7.466e-09 | W26: 5.339e-09
A27: 7 | B27: 0.0349 | C27: 6284.999 | D27: 617 | E27: 10.186384 | F27: 64.420384 | G27: 5.88895e-07 | I27: 7 | J27: 0.0349 | K27: 849.844 | L27: 599 | M27: 1.418771 | N27: 6.423758 | O27: 2.992723 | Q27: 7 | R27: 0.0349 | S27: 12.557 | T27: 580 | U27: 2.165e-08 | V27: 1.1171e-08 | W27: 2.571e-09
A28: 8 | B28: 0.0263 | C28: 10.929 | D28: 464 | E28: 2.3554e-08 | F28: 1.5492e-08 | G28: 1.024e-09 | I28: 8 | J28: 0.0263 | K28: 75.559 | L28: 468 | M28: 1.61451e-07 | N28: 1.564007 | O28: 2.66081e-07 | Q28: 8 | R28: 0.0263 | S28: 9.262 | T28: 450 | U28: 2.0582e-08 | V28: 1.0417e-08 | W28: 1.896e-09
A29: 9 | B29: 0.0273 | C29: 1179.698 | D29: 490 | E29: 2.407547 | F29: 25.608864 | G29: 1.10536e-07 | I29: 9 | J29: 0.0273 | K29: 218.918 | L29: 508 | M29: 4.30941e-07 | N29: 2.76023 | O29: 7.70919e-07 | Q29: 9 | R29: 0.0273 | S29: 10.063 | T29: 493 | U29: 2.0412e-08 | V29: 1.09e-08 | W29: 2.06e-09
E30: =SUMPRODUCT(B21:B29,E21:E29) -> 60.175215 | M30: =SUMPRODUCT(J21:J29,M21:M29) -> 1.4542145 | N30: =SQRT(SUMPRODUCT(J21:J29,N21:N29)/SUM(J21:J29)) -> 1.9272086 | U30: =SUMPRODUCT(R21:R29,U21:U29) -> 26.269221
A32: 2023 over03opt | B32: Weight | C32: Total_Execution_Time | D32: Execution_Count | E32: Mean_Execution_Time | F32: Std_Dev_Execution_Time | G32: Total_Execution_Percentage | I32: 2023 over13opt | J32: Weight | K32: Total_Execution_Time | L32: Execution_Count | M32: Mean_Execution_Time | N32: Std_Dev_Execution_Time | O32: Total_Execution_Percentage | Q32: 2023 opt | R32: Weight | S32: Total_Execution_Time | T32: Execution_Count | U32: Mean_Execution_Time | V32: Std_Dev_Execution_Time | W32: Total_Execution_Percentage | Y32: 2023 | Z32: Weight | AA32: Total_Execution_Time | AB32: Execution_Count | AC32: Mean_Execution_Time | AD32: Std_Dev_Execution_Time | AE32: Total_Execution_Percentage
A33: QueryType | I33: QueryType | Q33: QueryType | Y33: QueryType
A34: 1 | B34: 0.0793 | C34: 677.265 | D34: 65 | E34: 10.419462 | F34: 8.283594 | G34: 6.5806e-08 | I34: 1 | J34: 0.0793 | K34: 51899.985 | L34: 75 | M34: 691.9998 | N34: 81.663265 | O34: 9.429658 | Q34: 1 | R34: 0.0793 | S34: 1458.091 | T34: 80 | U34: 18.226138 | V34: 12.761842 | W34: 2.915959 | Y34: 1 | Z34: 0.0793 | AA34: 259934.42 | AB34: 901 | AC34: 288.49547 | AD34: 140.06092 | AE34: 9.010777
A35: 2 | B35: 0.0616 | C35: 32.441 | D35: 67 | E35: 4.84194e-07 | F35: 4.72741e-07 | G35: 3.152e-09 | I35: 2 | J35: 0.0616 | K35: 19.242 | L35: 71 | M35: 2.71014e-07 | N35: 5.61402e-07 | O35: 3.496e-09 | Q35: 2 | R35: 0.0616 | S35: 39.311 | T35: 69 | U35: 5.69725e-07 | V35: 4.786e-07 | W35: 7.8616e-08 | Y35: 2 | Z35: 0.0616 | AA35: 385.494 | AB35: 631 | AC35: 6.10926e-07 | AD35: 4.52353e-07 | AE35: 1.3363e-08
A36: 3 | B36: 0.0903 | C36: 24951.17 | D36: 98 | E36: 254.60378 | F36: 356.67767 | G36: 2.42437 | I36: 3 | J36: 0.0903 | K36: 1580.196 | L36: 100 | M36: 15.80196 | N36: 15.437245 | O36: 2.87104e-07 | Q36: 3 | R36: 0.0903 | S36: 12340.065 | T36: 115 | U36: 107.30491 | V36: 145.87513 | W36: 24.678239 | Y36: 3 | Z36: 0.0903 | AA36: 51349.297 | AB36: 918 | AC36: 55.936053 | AD36: 108.34359 | AE36: 1.780053
A37: 4 | B37: 0.0767 | C37: 82973.377 | D37: 84 | E37: 987.7783 | F37: 334.42308 | G37: 8.062073 | I37: 4 | J37: 0.0767 | K37: 23499.771 | L37: 79 | M37: 297.46546 | N37: 671.28153 | O37: 4.269651 | Q37: 4 | R37: 0.0767 | S37: 521.716 | T37: 75 | U37: 6.956213 | V37: 14.32982 | W37: 1.043352 | Y37: 4 | Z37: 0.0767 | AA37: 807973.76 | AB37: 766 | AC37: 1054.796 | AD37: 401.76835 | AE37: 28.008879
A38: 5 | B38: 0.0142 | C38: 0.000408 | D38: 14 | E38: 2.9143e-08 | F38: 5.559e-09 | G38: 4e-11 | I38: 5 | J38: 0.0142 | K38: 0.000385 | L38: 13 | M38: 2.9615e-08 | N38: 8.588e-09 | O38: 7e-11 | Q38: 5 | R38: 0.0142 | S38: 0.000474 | T38: 16 | U38: 2.9625e-08 | V38: 2.3799e-08 | W38: 9.48e-10 | Y38: 5 | Z38: 0.0142 | AA38: 2.529 | AB38: 148 | AC38: 1.7088e-08 | AD38: 1.0876e-08 | AE38: 8.8e-11
A39: 6 | B39: 0.3801 | C39: 54.574 | D39: 415 | E39: 1.31504e-07 | F39: 1.13769e-07 | G39: 5.303e-09 | I39: 6 | J39: 0.3801 | K39: 70.577 | L39: 389 | M39: 1.81432e-07 | N39: 1.6826e-07 | O39: 1.2823e-08 | Q39: 6 | R39: 0.3801 | S39: 83.435 | T39: 390 | U39: 2.13936e-07 | V39: 1.78529e-07 | W39: 1.66857e-07 | Y39: 6 | Z39: 0.3801 | AA39: 683.841 | AB39: 4032 | AC39: 1.69603e-07 | AD39: 9.9705e-08 | AE39: 2.3706e-08
A40: 7 | B40: 0.0453 | C40: 772960.28 | D40: 40 | E40: 19324.007 | F40: 7442.7858 | G40: 75.104357 | I40: 7 | J40: 0.0453 | K40: 358213.61 | L40: 53 | M40: 6758.7473 | N40: 2403.9389 | O40: 65.083482 | Q40: 7 | R40: 0.0453 | S40: 18131.53 | T40: 48 | U40: 377.74021 | V40: 782.17475 | W40: 36.260281 | Y40: 7 | Z40: 0.0453 | AA40: 1199798.9 | AB40: 446 | AC40: 2690.132 | AD40: 3691.9875 | AE40: 41.591723
A41: 8 | B41: 0.082 | C41: 11.648 | D41: 77 | E41: 1.51273e-07 | F41: 1.01089e-07 | G41: 1.132e-09 | I41: 8 | J41: 0.082 | K41: 13.765 | L41: 78 | M41: 1.76474e-07 | N41: 1.83536e-07 | O41: 2.501e-09 | Q41: 8 | R41: 0.082 | S41: 15.607 | T41: 75 | U41: 2.08093e-07 | V41: 1.61963e-07 | W41: 3.1212e-08 | Y41: 8 | Z41: 0.082 | AA41: 48.006 | AB41: 832 | AC41: 5.77e-08 | AD41: 3.0587e-08 | AE41: 1.664e-09
A42: 9 | B42: 0.0061 | C42: 14899.731 | D42: 5 | E42: 2979.9462 | F42: 728.64028 | G42: 1.447726 | I42: 9 | J42: 0.0061 | K42: 21543.946 | L42: 6 | M42: 3590.6577 | N42: 1168.2414 | O42: 3.914299 | Q42: 9 | R42: 0.0061 | S42: 2542.03 | T42: 10 | U42: 254.203 | V42: 641.07768 | W42: 5.08367 | Y42: 9 | Z42: 0.0061 | AA42: 101159.7 | AB42: 69 | AC42: 1466.0826 | AD42: 2389.0299 | AE42: 3.50676
A43: 10 | B43: 0.0055 | C43: 12877.596 | D43: 5 | E43: 2575.5192 | F43: 384.58792 | G43: 1.251246 | I43: 10 | J43: 0.0055 | K43: 16404.586 | L43: 5 | M43: 3280.9172 | N43: 964.41264 | O43: 2.980533 | Q43: 10 | R43: 0.0055 | S43: 158.011 | T43: 4 | U43: 39.50275 | V43: 16.66794 | W43: 3.15998e-07 | Y43: 10 | Z43: 0.0055 | AA43: 48440.344 | AB43: 74 | AC43: 654.59924 | AD43: 473.79764 | AE43: 1.679213
A44: 11 | B44: 0.0097 | C44: 22784.842 | D44: 14 | E44: 1627.4887 | F44: 20.023875 | G44: 2.213879 | I44: 11 | J44: 0.0097 | K44: 7472.25 | L44: 9 | M44: 830.25 | N44: 19.940592 | O44: 1.357626 | Q44: 11 | R44: 0.0097 | S44: 80.415 | T44: 7 | U44: 11.487857 | V44: 6.265798 | W44: 1.60818e-07 | Y44: 11 | Z44: 0.0097 | AA44: 45476.998 | AB44: 101 | AC44: 450.26731 | AD44: 9.66095 | AE44: 1.576486
A45: 12 | B45: 0.0062 | C45: 31841.401 | D45: 9 | E45: 3537.9334 | F45: 1013.3813 | G45: 3.093856 | I45: 12 | J45: 0.0062 | K45: 39964.139 | L45: 9 | M45: 4440.4599 | N45: 740.67543 | O45: 7.261046 | Q45: 12 | R45: 0.0062 | S45: 490.417 | T45: 6 | U45: 81.736167 | V45: 12.606175 | W45: 9.80759e-07 | Y45: 12 | Z45: 0.0062 | AA45: 86343 | AB45: 77 | AC45: 1121.3377 | AD45: 511.72132 | AE45: 2.99313
... A48: 15 | B48: 0.0769 | C48: 7.988 | D48: 87 | E48: 9.1816e-08 | F48: 5.0473e-08 | G48: 7.76e-10 | I48: 15 | J48: 0.0769 | K48: 7.854 | L48: 75 | M48: 1.0472e-07 | N48: 7.9217e-08 | O48: 1.427e-09 | Q48: 15 | R48: 0.0769 | S48: 7.461 | T48: 85 | U48: 8.7776e-08 | V48: 6.422e-08 | W48: 1.4921e-08 | Y48: 15 | Z48: 0.0769 | AA48: 69.154 | AB48: 775 | AC48: 8.9231e-08 | AD48: 5.2708e-08 | AE48: 2.397e-09
E49: =SUMPRODUCT(B34:B48,E34:E48) -> 1124.4442 | M49: =SUMPRODUCT(J34:J48,M34:M48) -> 490.92731 | U49: =SUMPRODUCT(R34:R48,U34:U48) -> 45.527085 | AC49: =SUMPRODUCT(Z34:Z48,AC34:AC48) -> 285.37463

Sheet Mig 2x
A1: W | C1: Query volume | D1: Original query volume
A2: alpha | C2: 10000 | D2: 50333
A3: beta | C3: 10000 | D3: 1489126
A4: gamma | C4: 10000 | D4: 3623390
A6: W beta (2013) | B6: Avg q time | C6: Total time (sec) on query volume | D6: Total time (sec) on original query volume | F6: Total time (min) on query volume | G6: Total time (min) on original query volume | K6: Mig time (sec) from D1_alpha | L6: Scaled (sec) | M6: Scaled (min) | N6: Scaled (h) | O6: Scaled (d)
A7: D2_alpha | B7: ='Query 2x'!E30 -> 60.175215 | C7: =$B7*C$3/1000 -> 601.75215 | D7: =$B7*D$3/1000 -> 89608.477 | F7: =C7/60 -> 10.029203 | G7: =D7/60 -> 1493.4746
A8: D2_beta | B8: ='Query 2x'!M30 -> 1.4542145 | C8: =$B8*C$3/1000 -> 14.542145 | D8: =$B8*D$3/1000 -> 2165.5087 | F8: =C8/60 -> 0.24236909 | G8: =D8/60 -> 36.091811 | K8: 127.1 | L8: =K8*$D$24 -> 782300.5 | M8: =L8/60 -> 13038.342 | N8: =M8/60 -> 217.30569 | O8: =N8/24 -> 9.0544039
A10: W gamma (2023) | B10: Avg q time | C10: Total time (sec) on query volume | D10: Total time (sec) on original query volume | F10: Total time (min) on query volume | G10: Total time (min) on original query volume | H10: Total time (h) on original query volume | I10: Total time (d) on original query volume | K10: Mig time (sec) from D2_beta | L10: Scaled (sec) | M10: Scaled (min) | N10: Scaled (h) | O10: Scaled (d)
A11: D3_alpha | B11: ='Query 2x'!E49 -> 1124.4442 | C11: =$B11*C$4/1000 -> 11244.442 | D11: =$B11*D$4/1000 -> 4074300 | F11: =C11/60 -> 187.40737 | G11: =D11/60 -> 67905 | H11: =G11/60 -> 1131.75 | I11: =H11/24 -> 47.15625
A12: D3_beta | B12: ='Query 2x'!M49 -> 490.92731 | C12: =$B12*C$4/1000 -> 4909.2731 | D12: =$B12*D$4/1000 -> 1778821.1 | F12: =C12/60 -> 81.821218 | G12: =D12/60 -> 29647.018 | H12: =G12/60 -> 494.11697 | I12: =H12/24 -> 20.588207
A13: D3_gamma | B13: ='Query 2x'!U49 -> 45.527085 | C13: =$B13*C$4/1000 -> 455.27085 | D13: =$B13*D$4/1000 -> 164962.38 | F13: =C13/60 -> 7.5878475 | G13: =D13/60 -> 2749.3731 | H13: =G13/60 -> 45.822885 | I13: =H13/24 -> 1.9092869 | K13: 233.3 | L13: =K13*$D$24 -> 1435961.5 | M13: =L13/60 -> 23932.692 | N13: =M13/60 -> 398.87819 | O13: =N13/24 -> 16.619925
A23: Table | B23: Original card | C23: Sample card | D23: Rate
A24: PhotoObjAll | B24: 1231000000 | C24: 200000 | D24: =B24/C24 -> 6155

Sheet Query 5x
A1: 2003 | B1: Weight | C1: Total_Execution_Time | D1: Execution_Count | E1: Mean_Execution_Time | F1: Std_Dev_Execution_Time | G1: Total_Execution_Percentage
A2: QueryType
A3: 1 | B3: 0.603 | C3: 11766.534 | D3: 6036 | E3: 1.949393 | F3: 1.900345 | G3: 1.827869
A4: 2 | B4: 0.2246 | C4: 273720.29 | D4: 2233 | E4: 122.57962 | F4: 47.309742 | G4: 42.52101
A5: 3 | B5: 0.0475 | C5: 105330.6 | D5: 471 | E5: 223.63185 | F5: 149.71258 | G5: 16.362556
A6: 4 | B6: 0.114 | C6: 252908.95 | D6: 1149 | E6: 220.11223 | F6: 148.48736 | G6: 39.288078
A7: 5 | B7: 0.0109 | C7: 3.128 | D7: 111 | E7: 2.818e-08 | F7: 1.6517e-08 | G7: 4.86e-10
E8: =SUMPRODUCT(B3:B7,E3:E7) -> 64.422173
A10: 2003 opt | B10: Weight | C10: Total_Execution_Time | D10: Execution_Count | E10: Mean_Execution_Time | F10: Std_Dev_Execution_Time | G10: Total_Execution_Percentage
A11: QueryType
A12: 1 | B12: 0.603 | C12: 4990.027 | D12: 6104 | E12: 8.17501e-07 | F12: 7.05291e-07 | G12: 9.224568
A13: 2 | B13: 0.2246 | C13: 16426.294 | D13: 2165 | E13: 7.587203 | F13: 5.225244 | G13: 30.365662
A14: 3 | B14: 0.0475 | C14: 9779.892 | D14: 489 | E14: 19.999779 | F14: 21.725108 | G14: 18.079117
A15: 4 | B15: 0.114 | C15: 22893.451 | D15: 1119 | E15: 20.458848 | F15: 19.964324 | G15: 42.320854
A16: 5 | B16: 0.0109 | C16: 5.3 | D16: 123 | E16: 4.3089e-08 | F16: 2.0423e-08 | G16: 9.798e-09
E17: =SUMPRODUCT(B12:B16,E12:E16) -> 4.9863845 | F17: =SQRT(SUMPRODUCT(B12:B16,F12:F16)/SUM(B12:B16)) -> 2.1169473
A19: 2013 over03opt | B19: Weight | C19: Total_Execution_Time | D19: Execution_Count | E19: Mean_Execution_Time | F19: Std_Dev_Execution_Time | G19: Total_Execution_Percentage | I19: 2013 opt | J19: Weight | K19: Total_Execution_Time | L19: Execution_Count | M19: Mean_Execution_Time | N19: Std_Dev_Execution_Time | O19: Total_Execution_Percentage | Q19: 2013 | R19: Weight | S19: Total_Execution_Time | T19: Execution_Count | U19: Mean_Execution_Time | V19: Std_Dev_Execution_Time | W19: Total_Execution_Percentage
A20: QueryType | I20: QueryType | Q20: QueryType
A21: 1 | B21: 0.1066 | C21: 1058.272 | D21: 1916 | E21: 5.52334e-07 | F21: 5.48341e-07 | G21: 9.2299e-08 | I21: 1 | J21: 0.1066 | K21: 1722.325 | L21: 1997 | M21: 8.62456e-07 | N21: 5.15562e-07 | O21: 4.749494 | Q21: 1 | R21: 0.1066 | S21: 3823.868 | T21: 1953 | U21: 1.957946 | V21: 2.062021 | W21: 8.6012e-07
A22: 2 | B22: 0.0133 | C22: 1466 | D22: 209 | E22: 7.014354 | F22: 5.193895 | G22: 1.2786e-07 | I22: 2 | J22: 0.0133 | K22: 6022.419 | L22: 261 | M22: 23.074402 | N22: 12.227681 | O22: 16.607459 | Q22: 2 | R22: 0.0133 | S22: 45594.711 | T22: 225 | U22: 202.64316 | V22: 81.587409 | W22: 10.255823
A23: 3 | B23: 0.1413 | C23: 1143762 | D23: 2583 | E23: 442.8037 | F23: 253.03289 | G23: 99.755308 | I23: 3 | J23: 0.1413 | K23: 26718.796 | L23: 2483 | M23: 10.760691 | N23: 8.914486 | O23: 73.679915 | Q23: 3 | R23: 0.1413 | S23: 394366.02 | T23: 2462 | U23: 160.18116 | V23: 91.95865 | W23: 88.70652
A24: 4 | B24: 0.0547 | C24: 35.202 | D24: 986 | E24: 3.5702e-08 | F24: 1.8846e-08 | G24: 3.07e-09 | I24: 4 | J24: 0.0547 | K24: 195.636 | L24: 948 | M24: 2.06367e-07 | N24: 5.008661 | O24: 5.39487e-07 | Q24: 4 | R24: 0.0547 | S24: 603.856 | T24: 929 | U24: 6.50006e-07 | V24: 10.756586 | W24: 1.35828e-07
A25: 5 | B25: 0.0468 | C25: 20.299 | D25: 844 | E25: 2.4051e-08 | F25: 1.3055e-08 | G25: 1.77e-09 | I25: 5 | J25: 0.0468 | K25: 1401.698 | L25: 826 | M25: 1.696971 | N25: 26.132982 | O25: 3.865331 | Q25: 5 | R25: 0.0468 | S25: 10.671 | T25: 841 | U25: 1.2688e-08 | V25: 8.163e-09 | W25: 2.4e-09
A26: 6 | B26: 0.1078 | C26: 190.516 | D26: 1892 | E26: 1.00696e-07 | F26: 1.01388e-07 | G26: 1.6616e-08 | I26: 6 | J26: 0.1078 | K26: 163.416 | L26: 1887 | M26: 8.6601e-08 | N26: 6.31219e-07 | O26: 4.50637e-07 | Q26: 6 | R26: 0.1078 | S26: 33.809 | T26: 2036 | U26: 1.6606e-08 | V26: 1.0132e-08 | W26: 7.605e-09
A27: 7 | B27: 0.0349 | C27: 14.06 | D27: 624 | E27: 2.2532e-08 | F27: 1.253e-08 | G27: 1.226e-09 | I27: 7 | J27: 0.0349 | K27: 16.239 | L27: 599 | M27: 2.711e-08 | N27: 1.4146e-08 | O27: 4.4781e-08 | Q27: 7 | R27: 0.0349 | S27: 106.977 | T27: 634 | U27: 1.68733e-07 | V27: 3.608563 | W27: 2.4063e-08
A28: 8 | B28: 0.0263 | C28: 10.529 | D28: 496 | E28: 2.1228e-08 | F28: 1.1704e-08 | G28: 9.18e-10 | I28: 8 | J28: 0.0263 | K28: 9.414 | L28: 506 | M28: 1.8605e-08 | N28: 9.352e-09 | O28: 2.596e-08 | Q28: 8 | R28: 0.0263 | S28: 9.624 | T28: 454 | U28: 2.1198e-08 | V28: 1.0985e-08 | W28: 2.165e-09
A29: 9 | B29: 0.0273 | C29: 10.679 | D29: 450 | E29: 2.3731e-08 | F29: 1.2948e-08 | G29: 9.31e-10 | I29: 9 | J29: 0.0273 | K29: 13.394 | L29: 493 | M29: 2.7168e-08 | N29: 2.9566e-08 | O29: 3.6935e-08 | Q29: 9 | R29: 0.0273 | S29: 24.348 | T29: 466 | U29: 5.2249e-08 | V29: 1.21956e-07 | W29: 5.477e-09
E30: =SUMPRODUCT(B21:B29,E21:E29) -> 62.661454 | M30: =SUMPRODUCT(J21:J29,M21:M29) -> 1.9067935 | N30: =SQRT(SUMPRODUCT(J21:J29,N21:N29)/SUM(J21:J29)) -> 2.2852261 | U30: =SUMPRODUCT(R21:R29,U21:U29) -> 25.537469
A32: 2023 over03opt | B32: Weight | C32: Total_Execution_Time | D32: Execution_Count | E32: Mean_Execution_Time | F32: Std_Dev_Execution_Time | G32: Total_Execution_Percentage | I32: 2023 over13opt | J32: Weight | K32: Total_Execution_Time | L32: Execution_Count | M32: Mean_Execution_Time | N32: Std_Dev_Execution_Time | O32: Total_Execution_Percentage | Q32: 2023 opt | R32: Weight | S32: Total_Execution_Time | T32: Execution_Count | U32: Mean_Execution_Time | V32: Std_Dev_Execution_Time | W32: Total_Execution_Percentage | Y32: 2023 | Z32: Weight | AA32: Total_Execution_Time | AB32: Execution_Count | AC32: Mean_Execution_Time | AD32: Std_Dev_Execution_Time | AE32: Total_Execution_Percentage
A33: QueryType | I33: QueryType | Q33: QueryType | Y33: QueryType
A34: 1 | B34: 0.0793 | C34: 6487699 | D34: 833 | E34: 7.788354 | F34: 9.510759 | G34: 4.0686e-08 | I34: 1 | J34: 0.0793 | K34: 528020.22 | L34: 840 | M34: 628.5955 | N34: 812.84328 | O34: 4.342856 | Q34: 1 | R34: 0.0793 | S34: 16172.704 | T34: 792 | U34: 20.420081 | V34: 10.4303 | W34: 1.213602 | Y34: 1 | Z34: 0.0793 | AA34: 171503.08 | AB34: 839 | AC34: 204.41369 | AD34: 81.219212 | AE34: 2.28833
A35: 2 | B35: 0.0616 | C35: 391568 | D35: 670 | E35: 5.8443e-07 | F35: 5.91128e-07 | G35: 2.456e-09 | I35: 2 | J35: 0.0616 | K35: 377.517 | L35: 656 | M35: 5.75483e-07 | N35: 4.06736e-07 | O35: 3.105e-09 | Q35: 2 | R35: 0.0616 | S35: 553.832 | T35: 676 | U35: 8.19278e-07 | V35: 5.86053e-07 | W35: 4.156e-08 | Y35: 2 | Z35: 0.0616 | AA35: 1175.172 | AB35: 661 | AC35: 1.77787 | AD35: 1.603755 | AE35: 1.568e-08
A36: 3 | B36: 0.0903 | C36: 197201600 | D36: 926 | E36: 212.96067 | F36: 246.40833 | G36: 1.236699 | I36: 3 | J36: 0.0903 | K36: 28887.763 | L36: 970 | M36: 29.781199 | N36: 18.370908 | O36: 2.37596e-07 | Q36: 3 | R36: 0.0903 | S36: 60353.348 | T36: 996 | U36: 60.595731 | V36: 104.94421 | W36: 4.528924 | Y36: 3 | Z36: 0.0903 | AA36: 50316.241 | AB36: 949 | AC36: 53.020275 | AD36: 108.08763 | AE36: 6.71359e-07
A37: 4 | B37: 0.0767 | C37: 796218600 | D37: 787 | E37: 1011.7135 | F37: 393.91319 | G37: 4.993281 | I37: 4 | J37: 0.0767 | K37: 553639.62 | L37: 771 | M37: 718.07993 | N37: 1658.8355 | O37: 4.55357 | Q37: 4 | R37: 0.0767 | S37: 13368.735 | T37: 817 | U37: 16.363201 | V37: 33.475006 | W37: 1.003192 | Y37: 4 | Z37: 0.0767 | AA37: 2106806.3 | AB37: 760 | AC37: 2772.1135 | AD37: 1049.7539 | AE37: 28.110673
A38: 5 | B38: 0.0142 | C38: 5186 | D38: 151 | E38: 3.4344e-08 | F38: 1.355e-08 | G38: 3.3e-11 | I38: 5 | J38: 0.0142 | K38: 3.993 | L38: 130 | M38: 3.0715e-08 | N38: 1.1865e-08 | O38: 3.3e-11 | Q38: 5 | R38: 0.0142 | S38: 2.687 | T38: 132 | U38: 2.0356e-08 | V38: 9.26e-09 | W38: 2.02e-10 | Y38: 5 | Z38: 0.0142 | AA38: 2.278 | AB38: 144 | AC38: 1.5819e-08 | AD38: 7.547e-09 | AE38: 3e-11
A39: 6 | B39: 0.3801 | C39: 540205 | D39: 3918 | E39: 1.37878e-07 | F39: 1.11407e-07 | G39: 3.388e-09 | I39: 6 | J39: 0.3801 | K39: 587.443 | L39: 3979 | M39: 1.47636e-07 | N39: 9.7044e-08 | O39: 4.832e-09 | Q39: 6 | R39: 0.3801 | S39: 720.684 | T39: 4003 | U39: 1.80036e-07 | V39: 1.00523e-07 | W39: 5.408e-08 | Y39: 6 | Z39: 0.3801 | AA39: 658.687 | AB39: 3993 | AC39: 1.6496e-07 | AD39: 7.8259e-08 | AE39: 8.789e-09
A40: 7 | B40: 0.0453 | C40: 11277410000 | D40: 462 | E40: 24409.972 | F40: 14434.16 | G40: 70.723371 | I40: 7 | J40: 0.0453 | K40: 8709268.2 | L40: 504 | M40: 17280.294 | N40: 6253.0849 | O40: 71.631908 | Q40: 7 | R40: 0.0453 | S40: 588599.81 | T40: 495 | U40: 1189.0905 | V40: 1875.6621 | W40: 44.168613 | Y40: 7 | Z40: 0.0453 | AA40: 3705459.4 | AB40: 493 | AC40: 7516.1448 | AD40: 11780.573 | AE40: 49.441165
A41: 8 | B41: 0.082 | C41: 165230 | D41: 903 | E41: 1.82979e-07 | F41: 1.6026e-07 | G41: 1.036e-09 | I41: 8 | J41: 0.082 | K41: 117.524 | L41: 862 | M41: 1.36339e-07 | N41: 9.9482e-08 | O41: 9.67e-10 | Q41: 8 | R41: 0.082 | S41: 145.034 | T41: 800 | U41: 1.81292e-07 | V41: 1.45552e-07 | W41: 1.0883e-08 | Y41: 8 | Z41: 0.082 | AA41: 49.348 | AB41: 838 | AC41: 5.8888e-08 | AD41: 2.7918e-08 | AE41: 6.58e-10
A42: 9 | B42: 0.0061 | C42: 577427900 | D42: 71 | E42: 8132.788 | F42: 2271.5446 | G42: 3.621192 | I42: 9 | J42: 0.0061 | K42: 529017.52 | L42: 60 | M42: 8816.9587 | N42: 2499.2521 | O42: 4.351058 | Q42: 9 | R42: 0.0061 | S42: 15148.761 | T42: 65 | U42: 233.05786 | V42: 658.22433 | W42: 1.136765 | Y42: 9 | Z42: 0.0061 | AA42: 293722.58 | AB42: 54 | AC42: 5439.307 | AD42: 6223.717 | AE42: 3.919079
A43: 10 | B43: 0.0055 | C43: 362968500 | D43: 47 | E43: 7722.735 | F43: 2258.0367 | G43: 2.276264 | I43: 10 | J43: 0.0055 | K43: 476992.22 | L43: 51 | M43: 9352.7887 | N43: 2686.4513 | O43: 3.923161 | Q43: 10 | R43: 0.0055 | S43: 14283.399 | T43: 51 | U43: 280.06665 | V43: 814.08557 | W43: 1.071828 | Y43: 10 | Z43: 0.0055 | AA43: 200860.42 | AB43: 60 | AC43: 3347.6737 | AD43: 4345.6788 | AE43: 2.680038
A44: 11 | B44: 0.0097 | C44: 435033100 | D44: 103 | E44: 4223.6225 | F44: 67.235319 | G44: 2.728199 | I44: 11 | J44: 0.0097 | K44: 323806.43 | L44: 93 | M44: 3481.7896 | N44: 36.989242 | O44: 2.66324 | Q44: 11 | R44: 0.0097 | S44: 1868.531 | T44: 85 | U44: 21.982718 | V44: 7.48867 | W44: 1.40215e-07 | Y44: 11 | Z44: 0.0097 | AA44: 134761.09 | AB44: 115 | AC44: 1171.8356 | AD44: 22.046622 | AE44: 1.798089
A45: 12 | B45: 0.0062 | C45: 514741500 | D45: 63 | E45: 8170.5007 | F45: 2940.5389 | G45: 3.22807 | I45: 12 | J45: 0.0062 | K45: 380412.22 | L45: 78 | M45: 4877.0798 | N45: 1657.4242 | O45: 3.128811 | Q45: 12 | R45: 0.0062 | S45: 10344.276 | T45: 65 | U45: 159.14271 | V45: 15.527757 | W45: 7.76236e-07 | Y45: 12 | Z45: 0.0062 | AA45: 211605.89 | AB45: 79 | AC45: 2678.5556 | AD45: 1156.7137 | AE45: 2.823413
... A48: 15 | B48: 0.0769 | C48: 93380 | D48: 837 | E48: 1.11565e-07 | F48: 6.6727e-08 | G48: 5.86e-10 | I48: 15 | J48: 0.0769 | K48: 73.985 | L48: 783 | M48: 9.4489e-08 | N48: 4.7693e-08 | O48: 6.09e-10 | Q48: 15 | R48: 0.0769 | S48: 64.196 | T48: 788 | U48: 8.1467e-08 | V48: 4.3401e-08 | W48: 4.817e-09 | Y48: 15 | Z48: 0.0769 | AA48: 73.909 | AB48: 774 | AC48: 9.549e-08 | AD48: 3.8769e-08 | AE48: 9.86e-10
E49: =SUMPRODUCT(B34:B48,E34:E48) -> 1546.356 | M49: =SUMPRODUCT(J34:J48,M34:M48) -> 1134.6376 | U49: =SUMPRODUCT(R34:R48,U34:U48) -> 125.52677 | AC49: =SUMPRODUCT(Z34:Z48,AC34:AC48) -> 714.5402

Sheet Mig 5x
A1: W | C1: Query volume | D1: Original query volume
A2: alpha | C2: 10000 | D2: 50333
A3: beta | C3: 10000 | D3: 1489126
A4: gamma | C4: 10000 | D4: 3623390
A6: W beta (2013) | B6: Avg q time | C6: Total time (sec) on query volume | D6: Total time (sec) on original query volume | F6: Total time (min) on query volume | G6: Total time (min) on original query volume | K6: Mig time (sec) from D1_alpha | L6: Scaled (sec) | M6: Scaled (min) | N6: Scaled (h) | O6: Scaled (d)
A7: D2_alpha | B7: ='Query 5x'!E30 -> 62.661454 | C7: =$B7*C$3/1000 -> 626.61454 | D7: =$B7*D$3/1000 -> 93310.801 | F7: =C7/60 -> 10.443576 | G7: =D7/60 -> 1555.18
A8: D2_beta | B8: ='Query 5x'!M30 -> 1.9067935 | C8: =$B8*C$3/1000 -> 19.067935 | D8: =$B8*D$3/1000 -> 2839.4558 | F8: =C8/60 -> 0.31779892 | G8: =D8/60 -> 47.324264 | K8: 319.2 | L8: =K8*$D$24 -> 785870.4 | M8: =L8/60 -> 13097.84 | N8: =M8/60 -> 218.29733 | O8: =N8/24 -> 9.0957222
A10: W gamma (2023) | B10: Avg q time | C10: Total time (sec) on query volume | D10: Total time (sec) on original query volume | F10: Total time (min) on query volume | G10: Total time (min) on original query volume | H10: Total time (h) on original query volume | I10: Total time (d) on original query volume | K10: Mig time (sec) from D2_beta | L10: Scaled (sec) | M10: Scaled (min) | N10: Scaled (h) | O10: Scaled (d)
A11: D3_alpha | B11: ='Query 5x'!E49 -> 1546.356 | C11: =$B11*C$4/1000 -> 15463.56 | D11: =$B11*D$4/1000 -> 5603050.8 | F11: =C11/60 -> 257.726 | G11: =D11/60 -> 93384.181 | H11: =G11/60 -> 1556.403 | I11: =H11/24 -> 64.850126
A12: D3_beta | B12: ='Query 5x'!M49 -> 1134.6376 | C12: =$B12*C$4/1000 -> 11346.376 | D12: =$B12*D$4/1000 -> 4111234.5 | F12: =C12/60 -> 189.10627 | G12: =D12/60 -> 68520.576 | H12: =G12/60 -> 1142.0096 | I12: =H12/24 -> 47.583733
A13: D3_gamma | B13: ='Query 5x'!U49 -> 125.52677 | C13: =$B13*C$4/1000 -> 1255.2677 | D13: =$B13*D$4/1000 -> 454832.46 | F13: =C13/60 -> 20.921129 | G13: =D13/60 -> 7580.5409 | H13: =G13/60 -> 126.34235 | I13: =H13/24 -> 5.2642645 | K13: 521.9 | L13: =K13*$D$24 -> 1284917.8 | M13: =L13/60 -> 21415.297 | N13: =M13/60 -> 356.92161 | O13: =N13/24 -> 14.871734
A23: Table | B23: Original card | C23: Sample card | D23: Rate
A24: PhotoObjAll | B24: 1231000000 | C24: 500000 | D24: =B24/C24 -> 2462

Sheet Query 10x
A1: 2003 | B1: Weight | C1: Total_Execution_Time | D1: Execution_Count | E1: Mean_Execution_Time | F1: Std_Dev_Execution_Time | G1: Total_Execution_Percentage | H1: Actual_Rows
A2: QueryType
A3: 1 | B3: 0.603 | C3: 11484.314 | D3: 6013 | E3: 1.909914 | F3: 1.215342 | G3: 1.466908 | H3: 1
A4: 2 | B4: 0.2246 | C4: 404097.15 | D4: 2211 | E4: 182.76669 | F4: 101.39147 | G4: 51.615912 | H4: 941.1
A5: 3 | B5: 0.0475 | C5: 111099.35 | D5: 512 | E5: 216.99092 | F5: 154.42049 | G5: 14.19088 | H5: 293.5
A6: 4 | B6: 0.114 | C6: 256011.49 | D6: 1151 | E6: 222.42527 | F6: 156.76627 | G6: 32.700717 | H6: 303.6
A7: 5 | B7: 0.0109 | C7: 200.287 | D7: 113 | E7: 1.772451 | F7: 9.586843 | G7: 2.5583e-08 | H7: 1
E8: =SUMPRODUCT(B3:B7,E3:E7) -> 77.883946 | H8: =SUMPRODUCT(B3:B7,H3:H7) -> 260.53661
A10: 2003 opt | B10: Weight | C10: Total_Execution_Time | D10: Execution_Count | E10: Mean_Execution_Time | F10: Std_Dev_Execution_Time | G10: Total_Execution_Percentage | H10: Actual_Rows
A11: QueryType
A12: 1 | B12: 0.603 | C12: 4761.021 | D12: 6104 | E12: 7.79984e-07 | F12: 6.69025e-07 | G12: 8.312397 | H12: 1
A13: 2 | B13: 0.2246 | C13: 18215.064 | D13: 2224 | E13: 8.190227 | F13: 5.511903 | G13: 31.802181 | H13: 942.4
A14: 3 | B14: 0.0475 | C14: 9833.461 | D14: 472 | E14: 20.833604 | F14: 22.772856 | G14: 17.16851 | H14: 293.7
A15: 4 | B15: 0.114 | C15: 24293.846 | D15: 1095 | E15: 22.186161 | F15: 20.771302 | G15: 42.415293 | H15: 270.2
A16: 5 | B16: 0.0109 | C16: 172.756 | D16: 105 | E16: 1.645295 | F16: 5.028456 | G16: 3.01619e-07 | H16: 1
E17: =SUMPRODUCT(B12:B16,E12:E16) -> 5.3762777 | F17: =SQRT(SUMPRODUCT(B12:B16,F12:F16)/SUM(B12:B16)) -> 2.1777105 | H17: =SUMPRODUCT(B12:B16,H12:H16) -> 257.03049
A19: 2013 over03opt | B19: Weight | C19: Total_Execution_Time | D19: Execution_Count | E19: Mean_Execution_Time | F19: Std_Dev_Execution_Time | G19: Total_Execution_Percentage | H19: Actual_Rows | J19: 2013 opt | K19: Weight | L19: Total_Execution_Time | M19: Execution_Count | N19: Mean_Execution_Time | O19: Std_Dev_Execution_Time | P19: Total_Execution_Percentage | Q19: Actual_Rows | S19: 2013 | T19: Weight | U19: Total_Execution_Time | V19: Execution_Count | W19: Mean_Execution_Time | X19: Std_Dev_Execution_Time | Y19: Total_Execution_Percentage | Z19: Actual_Rows
A20: QueryType | J20: QueryType | S20: QueryType
A21: 1 | B21: 0.1066 | C21: 1001.536 | D21: 1878 | E21: 5.33299e-07 | F21: 5.25048e-07 | G21: 8.6368e-08 | H21: 1 | J21: 1 | K21: 0.1066 | L21: 1476.603 | M21: 1866 | N21: 7.9132e-07 | O21: 4.50067e-07 | P21: 3.866469 | Q21: 1 | S21: 1 | T21: 0.1066 | U21: 3612.37 | V21: 1870 | W21: 1.931749 | X21: 1.315606 | Y21: 7.0324e-07 | Z21: 1
A22: 2 | B22: 0.0133 | C22: 1756.271 | D22: 235 | E22: 7.473494 | F22: 5.262465 | G22: 1.51453e-07 | H22: 1007 | J22: 2 | K22: 0.0133 | L22: 4379.531 | M22: 253 | N22: 17.310399 | O22: 12.164324 | P22: 11.467754 | Q22: 559.2 | S22: 2 | T22: 0.0133 | U22: 80758.187 | V22: 250 | W22: 323.03275 | X22: 169.00903 | Y22: 15.721648 | Z22: 966.7
A23: 3 | B23: 0.1413 | C23: 1151521.7 | D23: 2570 | E23: 448.06294 | F23: 252.06518 | G23: 99.302346 | H23: 418.3 | J23: 3 | K23: 0.1413 | L23: 21221.744 | M23: 2493 | N23: 8.512533 | O23: 9.766202 | P23: 55.568904 | Q23: 426.3 | S23: 3 | T23: 0.1413 | U23: 429210.47 | V23: 2600 | W23: 165.08095 | X23: 95.267079 | Y23: 83.556804 | Z23: 415.9
A24: 4 | B24: 0.0547 | C24: 1163.91 | D24: 989 | E24: 1.176855 | F24: 21.235512 | G24: 1.00371e-07 | H24: 1 | J24: 4 | K24: 0.0547 | L24: 1108.655 | M24: 968 | N24: 1.145305 | O24: 4.355959 | P24: 2.903001 | Q24: 1 | S24: 4 | T24: 0.0547 | U24: 19.973 | V24: 929 | W24: 2.1499e-08 | X24: 9.178e-09 | Y24: 3.888e-09 | Z24: 1
A25: 5 | B25: 0.0468 | C25: 21.918 | D25: 839 | E25: 2.6124e-08 | F25: 1.3718e-08 | G25: 1.89e-09 | H25: 0.16 | J25: 5 | K25: 0.0468 | L25: 1655.743 | M25: 817 | N25: 2.026613 | O25: 6.565184 | P25: 4.335545 | Q25: 0.17 | S25: 5 | T25: 0.0468 | U25: 10.08 | V25: 857 | W25: 1.1762e-08 | X25: 6.278e-09 | Y25: 1.962e-09 | Z25: 0.16
A26: 6 | B26: 0.1078 | C26: 4046.949 | D26: 1939 | E26: 2.087132 | F26: 19.679151 | G26: 3.48992e-07 | H26: 1 | J26: 6 | K26: 0.1078 | L26: 6825.679 | M26: 1976 | N26: 3.454291 | O26: 7.93215 | P26: 17.872966 | Q26: 1 | S26: 6 | T26: 0.1078 | U26: 32.515 | V26: 1940 | W26: 1.676e-08 | X26: 6.759e-09 | Y26: 6.33e-09 | Z26: 1
A27: 7 | B27: 0.0349 | C27: 14.456 | D27: 661 | E27: 2.187e-08 | F27: 1.1472e-08 | G27: 1.247e-09 | H27: 4 | J27: 7 | K27: 0.0349 | L27: 700.51 | M27: 654 | N27: 1.071116 | O27: 3.40176 | P27: 1.834278 | Q27: 4 | S27: 7 | T27: 0.0349 | U27: 12.382 | V27: 629 | W27: 1.9685e-08 | X27: 6.802e-09 | Y27: 2.41e-09 | Z27: 4
A28: 8 | B28: 0.0263 | C28: 9.464 | D28: 468 | E28: 2.0222e-08 | F28: 9.91e-09 | G28: 8.16e-10 | H28: 1 | J28: 8 | K28: 0.0263 | L28: 18.889 | M28: 458 | N28: 4.1242e-08 | O28: 7.2326e-08 | P28: 4.9461e-08 | Q28: 1 | S28: 8 | T28: 0.0263 | U28: 8.615 | V28: 440 | W28: 1.958e-08 | X28: 7.152e-09 | Y28: 1.677e-09 | Z28: 1
A29: 9 | B29: 0.0273 | C29: 75.572 | D29: 421 | E29: 1.79506e-07 | F29: 8.78224e-07 | G29: 6.517e-09 | H29: 0.13 | J29: 9 | K29: 0.0273 | L29: 802.609 | M29: 515 | N29: 1.558464 | O29: 4.569583 | P29: 2.101623 | Q29: 0.08 | S29: 9 | T29: 0.0273 | U29: 10.473 | V29: 485 | W29: 2.1594e-08 | X29: 9.682e-09 | Y29: 2.039e-09 | Z29: 0.88
E30: =SUMPRODUCT(B21:B29,E21:E29) -> 63.700057 | H30: =SUMPRODUCT(B21:B29,H21:H29) -> 72.944927 | N30: =SUMPRODUCT(K21:K29,N21:N29) -> 2.0428436 | O30: =SQRT(SUMPRODUCT(K21:K29,O21:O29)/SUM(K21:K29)) -> 2.3872905 | Q30: =SUMPRODUCT(K21:K29,Q21:Q29) -> 68.11869 | W30: =SUMPRODUCT(T21:T29,W21:W29) -> 27.828198 | Z30: =SUMPRODUCT(T21:T29,Z21:Z29) -> 72.090292
A32: 2023 over03opt | B32: Weight | C32: Total_Execution_Time | D32: Execution_Count | E32: Mean_Execution_Time | F32: Std_Dev_Execution_Time | G32: Total_Execution_Percentage | H32: Actual_Rows | J32: 2023 over13opt | K32: Weight | L32: Total_Execution_Time | M32: Execution_Count | N32: Mean_Execution_Time | O32: Std_Dev_Execution_Time | P32: Total_Execution_Percentage | Q32: Actual_Rows | S32: 2023 opt | T32: Weight | U32: Total_Execution_Time | V32: Execution_Count | W32: Mean_Execution_Time | X32: Std_Dev_Execution_Time | Y32: Total_Execution_Percentage | Z32: Actual_Rows | AB32: 2023 | AC32: Weight | AD32: Total_Execution_Time | AE32: Execution_Count | AF32: Mean_Execution_Time | AG32: Std_Dev_Execution_Time | AH32: Total_Execution_Percentage | AI32: Actual_Rows
A33: QueryType | J33: QueryType | S33: QueryType | AB33: QueryType
A34: 1 | B34: 0.0793 | C34: 6573421 | D34: 837 | E34: 7.85355 | F34: 5.469596 | G34: 2.0287e-08 | H34: 937 | J34: 1 | K34: 0.0793 | L34: 1184821000 | M34: 848 | N34: 1397.1948 | O34: 619.54401 | P34: 5.025472 | Q34: 953.2 | S34: 1 | T34: 0.0793 | U34: 15231.263 | V34: 875 | W34: 17.407158 | X34: 9.247704 | Y34: 5.9184e-07 | Z34: 965.3 | AB34: 1 | AC34: 0.0793 | AD34: 277586.9 | AE34: 879 | AF34: 315.79852 | AG34: 178.20421 | AH34: 2.340834 | AI34: 952.6
A35: 2 | B35: 0.0616 | C35: 338687 | D35: 663 | E35: 5.1084e-07 | F35: 4.9877e-07 | G35: 1.045e-09 | H35: 1 | J35: 2 | K35: 0.0616 | L35: 347296 | M35: 637 | N35: 5.45206e-07 | O35: 3.78008e-07 | P35: 1.473e-09 | Q35: 1 | S35: 2 | T35: 0.0616 | U35: 463.615 | V35: 631 | W35: 7.34731e-07 | X35: 4.83002e-07 | Y35: 1.8015e-08 | Z35: 1 | AB35: 2 | AC35: 0.0616 | AD35: 1268.348 | AE35: 639 | AF35: 1.984895 | AG35: 1.41603 | AH35: 1.0696e-08 | AI35: 1
A36: 3 | B36: 0.0903 | C36: 271599100 | D36: 955 | E36: 284.39692 | F36: 274.91044 | G36: 8.38216e-07 | H36: 154.7 | J36: 3 | K36: 0.0903 | L36: 33637900 | M36: 946 | N36: 35.55803 | O36: 11.123042 | P36: 1.42677e-07 | Q36: 2.5 | S36: 3 | T36: 0.0903 | U36: 45109.779 | V36: 1003 | W36: 44.974854 | X36: 112.10973 | Y36: 1.752827 | Z36: 2.45 | AB36: 3 | AC36: 0.0903 | AD36: 58990.331 | AE36: 975 | AF36: 60.502904 | AG36: 109.5541 | AH36: 4.97454e-07 | AI36: 142.2
A37: 4 | B37: 0.0767 | C37: 1645561000 | D37: 832 | E37: 1977.8373 | F37: 790.46935 | G37: 5.07857 | H37: 3746.4 | J37: 4 | K37: 0.0767 | L37: 954682000 | M37: 796 | N37: 1199.3493 | O37: 3010.981 | P37: 4.049326 | Q37: 3842.7 | S37: 4 | T37: 0.0767 | U37: 27032.904 | V37: 742 | W37: 36.432485 | X37: 66.570027 | Y37: 1.050416 | Z37: 3283 | AB37: 4 | AC37: 0.0767 | AD37: 2123145.8 | AE37: 753 | AF37: 2819.5827 | AG37: 1034.788 | AH37: 17.90406 | AI37: 29545.8
A38: 5 | B38: 0.0142 | C38: 7123 | D38: 156 | E38: 4.566e-08 | F38: 2.1108e-08 | G38: 2.2e-11 | H38: 0.17 | J38: 5 | K38: 0.0142 | L38: 6304 | M38: 169 | N38: 3.7302e-08 | O38: 1.9744e-08 | P38: 2.7e-11 | Q38: 0.18 | S38: 5 | T38: 0.0142 | U38: 3.635 | V38: 135 | W38: 2.6926e-08 | X38: 1.8674e-08 | Y38: 1.41e-10 | Z38: 0 | AB38: 5 | AC38: 0.0142 | AD38: 2.61 | AE38: 153 | AF38: 1.7059e-08 | AG38: 6.126e-09 | AH38: 2.2e-11 | AI38: 0.19
A39: 6 | B39: 0.3801 | C39: 599991 | D39: 4017 | E39: 1.49363e-07 | F39: 1.31662e-07 | G39: 1.852e-09 | H39: 1 | J39: 6 | K39: 0.3801 | L39: 648072 | M39: 3966 | N39: 1.63407e-07 | O39: 1.27697e-07 | P39: 2.749e-09 | Q39: 1 | S39: 6 | T39: 0.3801 | U39: 10646.595 | V39: 3915 | W39: 2.719437 | X39: 31.600627 | Y39: 4.13694e-07 | Z39: 1 | AB39: 6 | AC39: 0.3801 | AD39: 635.85 | AE39: 3955 | AF39: 1.60771e-07 | AG39: 6.7832e-08 | AH39: 5.362e-09 | AI39: 1
A40: 7 | B40: 0.0453 | C40: 24098270000 | D40: 455 | E40: 52963.233 | F40: 26501.069 | G40: 74.372681 | H40: 8715.8 | J40: 7 | K40: 0.0453 | L40: 15910070000 | M40: 463 | N40: 34362.993 | O40: 12719.432 | P40: 67.483248 | Q40: 9241 | S40: 7 | T40: 0.0453 | U40: 1140641.3 | V40: 475 | W40: 2401.3502 | X40: 4730.6748 | Y40: 44.321816 | Z40: 9669 | AB40: 7 | AC40: 0.0453 | AD40: 6775651.5 | AE40: 493 | AF40: 13743.715 | AG40: 20858.459 | AH40: 57.137703 | AI40: 90618.3
A41: 8 | B41: 0.082 | C41: 492534 | D41: 831 | E41: 5.927e-07 | F41: 10.765121 | G41: 1.52e-09 | H41: 0.64 | J41: 8 | K41: 0.082 | L41: 176051 | M41: 837 | N41: 2.10336e-07 | O41: 1.720721 | P41: 7.47e-10 | Q41: 0.64 | S41: 8 | T41: 0.082 | U41: 1474.13 | V41: 890 | W41: 1.656326 | X41: 12.748148 | Y41: 5.728e-08 | Z41: 0.64 | AB41: 8 | AC41: 0.082 | AD41: 47.105 | AE41: 796 | AF41: 5.9177e-08 | AG41: 2.915e-08 | AH41: 3.97e-10 | AI41: 0.62
A42: 9 | B42: 0.0061 | C42: 1006566000 | D42: 69 | E42: 14587.918 | F42: 5341.1772 | G42: 3.10649 | H42: 3940.9 | J42: 9 | K42: 0.0061 | L42: 1192275000 | M42: 65 | N42: 18342.694 | O42: 6229.0344 | P42: 5.057088 | Q42: 3552 | S42: 9 | T42: 0.0061 | U42: 41258.958 | V42: 60 | W42: 687.6493 | X42: 2011.0977 | Y42: 1.603196 | Z42: 3577.6 | AB42: 9 | AC42: 0.0061 | AD42: 470177.05 | AE42: 66 | AF42: 7123.8947 | AG42: 11264.877 | AH42: 3.964908 | AI42: 28297.1
A43: 10 | B43: 0.0055 | C43: 598720400 | D43: 44 | E43: 13607.281 | F43: 3922.4007 | G43: 1.847786 | H43: 3954.1 | J43: 10 | K43: 0.0055 | L43: 946237600 | M43: 49 | N43: 19310.971 | O43: 4612.5947 | P43: 4.013509 | Q43: 2027.2 | S43: 10 | T43: 0.0055 | U43: 28966.191 | V43: 59 | W43: 490.95239 | X43: 1407.0352 | Y43: 1.125537 | Z43: 4338.8 | AB43: 10 | AC43: 0.0055 | AD43: 409231.83 | AE43: 57 | AF43: 7179.5058 | AG43: 11650.16 | AH43: 3.45097 | AI43: 3762.5
A44: 11 | B44: 0.0097 | C44: 596785600 | D44: 90 | E44: 6630.9509 | F44: 93.360728 | G44: 1.841814 | H44: 1 | J44: 11 | K44: 0.0097 | L44: 1080196000 | M44: 102 | N44: 10590.154 | O44: 434.31737 | P44: 4.581698 | Q44: 1 | S44: 11 | T44: 0.0097 | U44: 3018.667 | V44: 101 | W44: 29.887792 | X44: 9.95133 | Y44: 1.17296e-07 | Z44: 1 | AB44: 11 | AC44: 0.0097 | AD44: 143630.12 | AE44: 117 | AF44: 1227.6078 | AG44: 23.71518 | AH44: 1.211204 | AI44: 1
A45: 12 | B45: 0.0062 | C45: 839134500 | D45: 56 | E45: 14984.544 | F45: 5590.8643 | G45: 2.589758 | H45: 1 | J45: 12 | K45: 0.0062 | L45: 573489600 | M45: 58 | N45: 9887.7526 | O45: 3350.4601 | P45: 2.432482 | Q45: 1 | S45: 12 | T45: 0.0062 | U45: 16481.849 | V45: 53 | W45: 310.97828 | X45: 28.316008 | Y45: 6.40434e-07 | Z45: 1 | AB45: 12 | AC45: 0.0062 | AD45: 220615.63 | AE45: 74 | AF45: 2981.2922 | AG45: 1213.1917 | AH45: 1.860407 | AI45: 1
... A48: 15 | B48: 0.0769 | C48: 17528040 | D48: 764 | E48: 22.942457 | F48: 89.830115 | G48: 5.4095e-08 | H48: 0.88 | J48: 15 | K48: 0.0769 | L48: 4158371 | M48: 824 | N48: 5.046567 | O48: 42.924896 | P48: 1.7638e-08 | Q48: 0.89 | S48: 15 | T48: 0.0769 | U48: 51624.661 | V48: 831 | W48: 62.123539 | X48: 178.60504 | Y48: 2.005976 | Z48: 0.88 | AB48: 15 | AC48: 0.0769 | AD48: 77.512 | AE48: 811 | AF48: 9.5576e-08 | AG48: 4.3517e-08 | AH48: 6.54e-10 | AI48: 0.88
E49: =SUMPRODUCT(B34:B48,E34:E48) -> 3249.2021 | H49: =SUMPRODUCT(B34:B48,H34:H48) -> 843.0174 | N49: =SUMPRODUCT(K34:K48,N34:N48) -> 2304.2816 | Q49: =SUMPRODUCT(K34:K48,Q34:Q48) -> 837.63239 | W49: =SUMPRODUCT(T34:T48,W34:W48) -> 240.55844 | Z49: =SUMPRODUCT(T34:T48,Z34:Z48) -> 823.01295 | AF49: =SUMPRODUCT(AC34:AC48,AF34:AF48) -> 1125.2167 | AI49: =SUMPRODUCT(AC34:AC48,AI34:AI48) -> 6824.6304

Sheet Mig 10x
A1: W | C1: Query volume | D1: Original query volume
A2: alpha | C2: 10000 | D2: 50333
A3: beta | C3: 10000 | D3: 1489126
A4: gamma | C4: 10000 | D4: 3623390
A6: W beta (2013) | B6: Avg q time | C6: Total time (sec) on query volume | D6: Total time (sec) on original query volume | F6: Total time (min) on query volume | G6: Total time (min) on original query volume | K6: Mig time (sec) from D1_alpha | L6: Scaled (sec) | M6: Scaled (min) | N6: Scaled (h) | O6: Scaled (d)
A7: D2_alpha | B7: ='Query 10x'!E30 -> 63.700057 | C7: =$B7*C$3/1000 -> 637.00057 | D7: =$B7*D$3/1000 -> 94857.412 | F7: =C7/60 -> 10.616676 | G7: =D7/60 -> 1580.9569
A8: D2_beta | B8: ='Query 10x'!N30 -> 2.0428436 | C8: =$B8*C$3/1000 -> 20.428436 | D8: =$B8*D$3/1000 -> 3042.0515 | F8: =C8/60 -> 0.34047393 | G8: =D8/60 -> 50.700858 | K8: 675 | L8: =K8*$D$24 -> 830925 | M8: =L8/60 -> 13848.75 | N8: =M8/60 -> 230.8125 | O8: =N8/24 -> 9.6171875
K9: 415
A10: W gamma (2023) | B10: Avg q time | C10: Total time (sec) on query volume | D10: Total time (sec) on original query volume | F10: Total time (min) on query volume | G10: Total time (min) on original query volume | H10: Total time (h) on original query volume | I10: Total time (d) on original query volume | K10: Mig time (sec) from D2_beta | L10: Scaled (sec) | M10: Scaled (min) | N10: Scaled (h) | O10: Scaled (d)
A11: D3_alpha | B11: ='Query 10x'!E49 -> 3249.2021 | C11: =$B11*C$4/1000 -> 32492.021 | D11: =$B11*D$4/1000 -> 11773127 | F11: =C11/60 -> 541.53369 | G11: =D11/60 -> 196218.78 | H11: =G11/60 -> 3270.3129 | I11: =H11/24 -> 136.26304
A12: D3_beta | B12: ='Query 10x'!N49 -> 2304.2816 | C12: =$B12*C$4/1000 -> 23042.816 | D12: =$B12*D$4/1000 -> 8349311 | F12: =C12/60 -> 384.04694 | G12: =D12/60 -> 139155.18 | H12: =G12/60 -> 2319.2531 | I12: =H12/24 -> 96.635544
A13: D3_gamma | B13: ='Query 10x'!W49 -> 240.55844 | C13: =$B13*C$4/1000 -> 2405.5844 | D13: =$B13*D$4/1000 -> 871637.03 | F13: =C13/60 -> 40.093073 | G13: =D13/60 -> 14527.284 | H13: =G13/60 -> 242.1214 | I13: =H13/24 -> 10.088392 | K13: 922 | L13: =K13*$D$24 -> 1134982 | M13: =L13/60 -> 18916.367 | N13: =M13/60 -> 315.27278 | O13: =N13/24 -> 13.136366
K14: 623
K18: 1144830
K19: 1435961
K20: 1284917
K21: 1134982
A23: Table | B23: Original card | C23: Sample card | D23: Rate
A24: PhotoObjAll | B24: 1231000000 | C24: 1000000 | D24: =B24/C24 -> 1231

Sheet Storage
B1: Total size (bytes) | L1: Schema | M1: Table | N1: Total | O1: Total H | P1: Data | Q1: Indexes | R1: Scale | S1: $D_1$ | T1: $D_1^{\alpha}$ | U1: $D_2$ | V1: $D_2^{\alpha}$ | W1: $D_2^{\beta}$ | X1: $D_3$ | Y1: $D_3^{\alpha}$ | Z1: $D_3^{\beta}$ | AA1: $D_3^{\gamma}$ | AB1: $D_1$ | AC1: $D_1^{\alpha}$ | AD1: $D_2$ | AE1: $D_2^{\alpha}$ | AF1: $D_2^{\beta}$ | AG1: $D_3$ | AH1: $D_3^{\alpha}$ | AI1: $D_3^{\beta}$ | AJ1: $D_3^{\gamma}$
A2: Scale | B2: $D_1$ | C2: $D_1^{\alpha}$ | D2: $D_2$ | E2: $D_2^{\alpha}$ | F2: $D_2^{\beta}$ | G2: $D_3$ | H2: $D_3^{\alpha}$ | I2: $D_3^{\beta}$ | J2: $D_3^{\gamma}$ | L2: aa_sdss2003 | M2: photoobjall | N2: 625467392 | O2: 596 MB | P2: 5888 kB | Q2: 5312 kB | R2: =IF(ISNUMBER(SEARCH("_2x", L2)), "2x", IF(ISNUMBER(SEARCH("_5x", L2)), "5x", IF(ISNUMBER(SEARCH("_10x", L2)), "10x", "1x"))) -> 1x | S2: 1 | AB2: =IF(S2=1,$N2,"") -> 625467392 | AC2: =IF(T2=1,$N2,"") | AE2: =IF(V2=1,$N2,"") | AF2: =IF(W2=1,$N2,"") | AH2: =IF(Y2=1,$N2,"") | AI2: =IF(Z2=1,$N2,"") | AJ2: =IF(AA2=1,$N2,"")
A3: 1x | B3: =SUMIF($R$2:$AJ$329,$A3,AB$2:AB$329) -> 715800576 | C3: =SUMIF($R$2:$AJ$329,$A3,AC$2:AC$329) -> 738615296 | D3: =SUMIF($R$2:$AJ$329,$A3,AD$2:AD$329) -> 890109952 | E3: =SUMIF($R$2:$AJ$329,$A3,AE$2:AE$329) -> 917856256 | F3: =SUMIF($R$2:$AJ$329,$A3,AF$2:AF$329) -> 893943808 | G3: =SUMIF($R$2:$AJ$329,$A3,AG$2:AG$329) -> 928399360 | H3: =SUMIF($R$2:$AJ$329,$A3,AH$2:AH$329) -> 934887424 | I3: =SUMIF($R$2:$AJ$329,$A3,AI$2:AI$329) -> 925286400 | J3: =SUMIF($R$2:$AJ$329,$A3,AJ$2:AJ$329) -> 920936448 | L3: aa_sdss2003 | M3: photoz | N3: 18178048 | O3: 17 MB | P3: 17 MB | Q3: 784 kB | R3: =IF(ISNUMBER(SEARCH("_2x", L3)), "2x", IF(ISNUMBER(SEARCH("_5x", L3)), "5x", IF(ISNUMBER(SEARCH("_10x", L3)), "10x", "1x"))) -> 1x | S3: 1 | T3: 1 | AB3: =IF(S3=1,$N3,"") -> 18178048 | AC3: =IF(T3=1,$N3,"") -> 18178048 | AE3: =IF(V3=1,$N3,"") | AF3: =IF(W3=1,$N3,"") | AH3: =IF(Y3=1,$N3,"") | AI3: =IF(Z3=1,$N3,"") | AJ3: =IF(AA3=1,$N3,"")
A4: 2x | B4: =SUMIF($R$2:$AJ$329,$A4,AB$2:AB$329) -> 1431248896 | C4: =SUMIF($R$2:$AJ$329,$A4,AC$2:AC$329) -> 1476624384 | D4: =SUMIF($R$2:$AJ$329,$A4,AD$2:AD$329) -> 1677426688 | E4: =SUMIF($R$2:$AJ$329,$A4,AE$2:AE$329) -> 1732567040 | F4: =SUMIF($R$2:$AJ$329,$A4,AF$2:AF$329) -> 1684660224 | G4: =SUMIF($R$2:$AJ$329,$A4,AG$2:AG$329) -> 1753694208 | H4: =SUMIF($R$2:$AJ$329,$A4,AH$2:AH$329) -> 1766490112 | I4: =SUMIF($R$2:$AJ$329,$A4,AI$2:AI$329) -> 1747132416 | J4: =SUMIF($R$2:$AJ$329,$A4,AJ$2:AJ$329) -> 1746059264 | L4: aa_sdss2003 | M4: specobjall | N4: 72155136 | O4: 69 MB | P4: 1488 kB | Q4: 1856 kB | R4: =IF(ISNUMBER(SEARCH("_2x", L4)), "2x", IF(ISNUMBER(SEARCH("_5x", L4)), "5x", IF(ISNUMBER(SEARCH("_10x", L4)), "10x", "1x"))) -> 1x | S4: 1 | AB4: =IF(S4=1,$N4,"") -> 72155136 | AC4: =IF(T4=1,$N4,"") | AE4: =IF(V4=1,$N4,"") | AF4: =IF(W4=1,$N4,"") | AH4: =IF(Y4=1,$N4,"") | AI4: =IF(Z4=1,$N4,"") | AJ4: =IF(AA4=1,$N4,"")
A5: 5x | B5: =SUMIF($R$2:$AJ$329,$A5,AB$2:AB$329) -> 3577634816 | C5: =SUMIF($R$2:$AJ$329,$A5,AC$2:AC$329) -> 3690553344 | D5: =SUMIF($R$2:$AJ$329,$A5,AD$2:AD$329) -> 4039483392 | E5: =SUMIF($R$2:$AJ$329,$A5,AE$2:AE$329) -> 4176658432 | F5: =SUMIF($R$2:$AJ$329,$A5,AF$2:AF$329) -> 4056940544 | G5: =SUMIF($R$2:$AJ$329,$A5,AG$2:AG$329) -> 4231340032 | H5: =SUMIF($R$2:$AJ$329,$A5,AH$2:AH$329) -> 4262830080 | I5: =SUMIF($R$2:$AJ$329,$A5,AI$2:AI$329) -> 4214415360 | J5: =SUMIF($R$2:$AJ$329,$A5,AJ$2:AJ$329) -> 4223451136 | L5: aa_sdss2003_optimized | M5: field | N5: 70385664 | O5: 67 MB | P5: 664 kB | Q5: 264 kB | R5: =IF(ISNUMBER(SEARCH("_2x", L5)), "2x", IF(ISNUMBER(SEARCH("_5x", L5)), "5x", IF(ISNUMBER(SEARCH("_10x", L5)), "10x", "1x"))) -> 1x | V5: 1 | Y5: 1 | AB5: =IF(S5=1,$N5,"") | AC5: =IF(T5=1,$N5,"") | AE5: =IF(V5=1,$N5,"") -> 70385664 | AF5: =IF(W5=1,$N5,"") | AH5: =IF(Y5=1,$N5,"") -> 70385664 | AI5: =IF(Z5=1,$N5,"") | AJ5: =IF(AA5=1,$N5,"")
A6: 10x | B6: =SUMIF($R$2:$AJ$329,$A6,AB$2:AB$329) -> 7154958336 | C6: =SUMIF($R$2:$AJ$329,$A6,AC$2:AC$329) -> 7380467712 | D6: =SUMIF($R$2:$AJ$329,$A6,AD$2:AD$329) -> 7976255488 | E6: =SUMIF($R$2:$AJ$329,$A6,AE$2:AE$329) -> 8250155008 | F6: =SUMIF($R$2:$AJ$329,$A6,AF$2:AF$329) -> 8010678272 | G6: =SUMIF($R$2:$AJ$329,$A6,AG$2:AG$329) -> 8360648704 | H6: =SUMIF($R$2:$AJ$329,$A6,AH$2:AH$329) -> 8423366656 | I6: =SUMIF($R$2:$AJ$329,$A6,AI$2:AI$329) -> 8326438912 | J6: =SUMIF($R$2:$AJ$329,$A6,AJ$2:AJ$329) -> 8351916032 | L6: aa_sdss2003_optimized | M6: frame | N6: 31948800 | O6: 30 MB | P6: 29 MB | Q6: 1392 kB | R6: =IF(ISNUMBER(SEARCH("_2x", L6)), "2x", IF(ISNUMBER(SEARCH("_5x", L6)), "5x", IF(ISNUMBER(SEARCH("_10x", L6)), "10x", "1x"))) -> 1x | V6: 1 | Y6: 1 | AB6: =IF(S6=1,$N6,"") | AC6: =IF(T6=1,$N6,"") | AE6: =IF(V6=1,$N6,"") -> 31948800 | AF6: =IF(W6=1,$N6,"") | AH6: =IF(Y6=1,$N6,"") -> 31948800 | AI6: =IF(Z6=1,$N6,"") | AJ6: =IF(AA6=1,$N6,"")
L7: aa_sdss2003_optimized | M7: galspecextra | N7: 30597120 | O7: 29 MB | P7: 29 MB | Q7: 496 kB | R7: =IF(ISNUMBER(SEARCH("_2x", L7)), "2x", IF(ISNUMBER(SEARCH("_5x", L7)), "5x", IF(ISNUMBER(SEARCH("_10x", L7)), "10x", "1x"))) -> 1x | Y7: 1 | AB7: =IF(S7=1,$N7,"") | AC7: =IF(T7=1,$N7,"") | AE7: =IF(V7=1,$N7,"") | AF7: =IF(W7=1,$N7,"") | AH7: =IF(Y7=1,$N7,"") -> 30597120 | AI7: =IF(Z7=1,$N7,"") | AJ7: =IF(AA7=1,$N7,"")
B8: Total size (MB) | L8: aa_sdss2003_optimized | M8: galspecindx | N8: 62570496 | O8: 60 MB | P8: 1304 kB | Q8: 496 kB | R8: =IF(ISNUMBER(SEARCH("_2x", L8)), "2x", IF(ISNUMBER(SEARCH("_5x", L8)), "5x", IF(ISNUMBER(SEARCH("_10x", L8)), "10x", "1x"))) -> 1x | V8: 1 | Y8: 1 | AB8: =IF(S8=1,$N8,"") | AC8: =IF(T8=1,$N8,"") | AE8: =IF(V8=1,$N8,"") -> 62570496 | AF8: =IF(W8=1,$N8,"") | AH8: =IF(Y8=1,$N8,"") -> 62570496 | AI8: =IF(Z8=1,$N8,"") | AJ8: =IF(AA8=1,$N8,"")
A9: Scale | B9: $D_1$ | C9: $D_1^{\alpha}$ | D9: $D_2$ | E9: $D_2^{\alpha}$ | F9: $D_2^{\beta}$ | G9: $D_3$ | H9: $D_3^{\alpha}$ | I9: $D_3^{\beta}$ | J9: $D_3^{\gamma}$ | L9: aa_sdss2003_optimized | M9: photoobjall_galaxy | N9: 49152 | O9: 48 kB | P9: 8192 bytes | Q9: 32 kB | R9: =IF(ISNUMBER(SEARCH("_2x", L9)), "2x", IF(ISNUMBER(SEARCH("_5x", L9)), "5x", IF(ISNUMBER(SEARCH("_10x", L9)), "10x", "1x"))) -> 1x | T9: 1 | V9: 1 | Y9: 1 | AB9: =IF(S9=1,$N9,"") | AC9: =IF(T9=1,$N9,"") -> 49152 | AE9: =IF(V9=1,$N9,"") -> 49152 | AF9: =IF(W9=1,$N9,"") | AH9: =IF(Y9=1,$N9,"") -> 49152 | AI9: =IF(Z9=1,$N9,"") | AJ9: =IF(AA9=1,$N9,"")
A10: 1x | B10: =B3/1024/1024 -> 682.64062 | C10: =C3/1024/1024 -> 704.39844 | D10: =D3/1024/1024 -> 848.875 | E10: =E3/1024/1024 -> 875.33594 | F10: =F3/1024/1024 -> 852.53125 | G10: =G3/1024/1024 -> 885.39062 | H10: =H3/1024/1024 -> 891.57812 | I10: =I3/1024/1024 -> 882.42188 | J10: =J3/1024/1024 -> 878.27344 | L10: aa_sdss2003_optimized | M10: photoobjall_galaxycomplementary | N10: 73728 | O10: 72 kB | P10: 8192 bytes | Q10: 16 kB | R10: =IF(ISNUMBER(SEARCH("_2x", L10)), "2x", IF(ISNUMBER(SEARCH("_5x", L10)), "5x", IF(ISNUMBER(SEARCH("_10x", L10)), "10x", "1x"))) -> 1x | T10: 1 | V10: 1 | Y10: 1 | AB10: =IF(S10=1,$N10,"") | AC10: =IF(T10=1,$N10,"") -> 73728 | AE10: =IF(V10=1,$N10,"") -> 73728 | AF10: =IF(W10=1,$N10,"") | AH10: =IF(Y10=1,$N10,"") -> 73728 | AI10: =IF(Z10=1,$N10,"") | AJ10: =IF(AA10=1,$N10,"")
A11: 2x | B11: =B4/1024/1024 -> 1364.9453 | C11: =C4/1024/1024 -> 1408.2188 | D11: =D4/1024/1024 -> 1599.7188 | E11: =E4/1024/1024 -> 1652.3047 | F11: =F4/1024/1024 -> 1606.6172 | G11: =G4/1024/1024 -> 1672.4531 | H11: =H4/1024/1024 -> 1684.6562 | I11: =I4/1024/1024 -> 1666.1953 | J11: =J4/1024/1024 -> 1665.1719 | L11: aa_sdss2003_optimized | M11: photoobjall_other | N11: 384458752 | O11: 367 MB | P11: 3648 kB | Q11: 3296 kB | R11: =IF(ISNUMBER(SEARCH("_2x", L11)), "2x", IF(ISNUMBER(SEARCH("_5x", L11)), "5x", IF(ISNUMBER(SEARCH("_10x", L11)), "10x", "1x"))) -> 1x | T11: 1 | V11: 1 | Y11: 1 | AB11: =IF(S11=1,$N11,"") | AC11: =IF(T11=1,$N11,"") -> 384458752 | AE11: =IF(V11=1,$N11,"") -> 384458752 | AF11: =IF(W11=1,$N11,"") | AH11: =IF(Y11=1,$N11,"") -> 384458752 | AI11: =IF(Z11=1,$N11,"") | AJ11: =IF(AA11=1,$N11,"")
A12: 5x | B12: =B5/1024/1024 -> 3411.8984 | C12: =C5/1024/1024 -> 3519.5859 | D12: =D5/1024/1024 -> 3852.3516 | E12: =E5/1024/1024 -> 3983.1719 | F12: =F5/1024/1024 -> 3869 | G12: =G5/1024/1024 -> 4035.3203 | H12: =H5/1024/1024 -> 4065.3516 | I12: =I5/1024/1024 -> 4019.1797 | J12: =J5/1024/1024 -> 4027.7969 | L12: aa_sdss2003_optimized | M12: photoobjall_primary | N12: 22929408 | O12: 22 MB | P12: 20 MB | Q12: 2040 kB | R12: =IF(ISNUMBER(SEARCH("_2x", L12)), "2x", IF(ISNUMBER(SEARCH("_5x", L12)), "5x", IF(ISNUMBER(SEARCH("_10x", L12)), "10x", "1x"))) -> 1x | T12: 1 | V12: 1 | Y12: 1 | AB12: =IF(S12=1,$N12,"") | AC12: =IF(T12=1,$N12,"") -> 22929408 | AE12: =IF(V12=1,$N12,"") -> 22929408 | AF12: =IF(W12=1,$N12,"") | AH12: =IF(Y12=1,$N12,"") -> 22929408 | AI12: =IF(Z12=1,$N12,"") | AJ12: =IF(AA12=1,$N12,"")
A13: 10x | B13: =B6/1024/1024 -> 6823.5 | C13: =C6/1024/1024 -> 7038.5625 | D13: =D6/1024/1024 -> 7606.75 | E13: =E6/1024/1024 -> 7867.9609 | F13: =F6/1024/1024 -> 7639.5781 | G13: =G6/1024/1024 -> 7973.3359 | H13: =H6/1024/1024 -> 8033.1484 | I13: =I6/1024/1024 -> 7940.7109 | J13: =J6/1024/1024 -> 7965.0078 | L13: aa_sdss2003_optimized | M13: photoobjall_primarycomplementary | N13: 240754688 | O13: 230 MB | P13: 2248 kB | Q13: 1712 kB | R13: =IF(ISNUMBER(SEARCH("_2x", L13)), "2x", IF(ISNUMBER(SEARCH("_5x", L13)), "5x", IF(ISNUMBER(SEARCH("_10x", L13)), "10x", "1x"))) -> 1x | T13: 1 | V13: 1 | Y13: 1 | AB13: =IF(S13=1,$N13,"") | AC13: =IF(T13=1,$N13,"") -> 240754688 | AE13: =IF(V13=1,$N13,"") -> 240754688 | AF13: =IF(W13=1,$N13,"") | AH13: =IF(Y13=1,$N13,"") -> 240754688 | AI13: =IF(Z13=1,$N13,"") | AJ13: =IF(AA13=1,$N13,"")
L14: aa_sdss2003_optimized | M14: photoz | N14: 18169856 | O14: 17 MB | P14: 17 MB | Q14: 784 kB | R14: =IF(ISNUMBER(SEARCH("_2x", L14)), "2x", IF(ISNUMBER(SEARCH("_5x", L14)), "5x", IF(ISNUMBER(SEARCH("_10x", L14)), "10x", "1x"))) -> 1x | V14: 1 | Y14: 1 | AB14: =IF(S14=1,$N14,"") | AC14: =IF(T14=1,$N14,"") | AE14: =IF(V14=1,$N14,"") -> 18169856 | AF14: =IF(W14=1,$N14,"") | AH14: =IF(Y14=1,$N14,"") -> 18169856 | AI14: =IF(Z14=1,$N14,"") | AJ14: =IF(AA14=1,$N14,"")
L15: aa_sdss2003_optimized | M15: photoz_complementary | N15: 32768 | O15: 32 kB | P15: 8192 bytes | Q15: 16 kB | R15: =IF(ISNUMBER(SEARCH("_2x", L15)), "2x", IF(ISNUMBER(SEARCH("_5x", L15)), "5x", IF(ISNUMBER(SEARCH("_10x", L15)), "10x", "1x"))) -> 1x | V15: 1 | Y15: 1 | AB15: =IF(S15=1,$N15,"") | AC15: =IF(T15=1,$N15,"") | AE15: =IF(V15=1,$N15,"") -> 32768 | AF15: =IF(W15=1,$N15,"") | AH15: =IF(Y15=1,$N15,"") -> 32768 | AI15: =IF(Z15=1,$N15,"") | AJ15: =IF(AA15=1,$N15,"")
B16: Set of involved tables | L16: aa_sdss2003_optimized | M16: photozrf | N16: 14311424 | O16: 14 MB | P16: 13 MB | Q16: 392 kB | R16: =IF(ISNUMBER(SEARCH("_2x", L16)), "2x", IF(ISNUMBER(SEARCH("_5x", L16)), "5x", IF(ISNUMBER(SEARCH("_10x", L16)), "10x", "1x"))) -> 1x | V16: 1 | AB16: =IF(S16=1,$N16,"") | AC16: =IF(T16=1,$N16,"") | AE16: =IF(V16=1,$N16,"") -> 14311424 | AF16: =IF(W16=1,$N16,"") | AH16: =IF(Y16=1,$N16,"") | AI16: =IF(Z16=1,$N16,"") | AJ16: =IF(AA16=1,$N16,"")
B17: $D_1$ | C17: $D_1^{\alpha}$ | D17: $D_2$ | E17: $D_2^{\alpha}$ | F17: $D_2^{\beta}$ | G17: $D_3$ | H17: $D_3^{\alpha}$ | I17: $D_3^{\beta}$ | J17: $D_3^{\gamma}$ | L17: aa_sdss2003_optimized | M17: platex | N17: 745472 | O17: 728 kB | P17: 704 kB | Q17: 16 kB | R17: =IF(ISNUMBER(SEARCH("_2x", L17)), "2x", IF(ISNUMBER(SEARCH("_5x", L17)), "5x", IF(ISNUMBER(SEARCH("_10x", L17)), "10x", "1x"))) -> 1x | Y17: 1 | AB17: =IF(S17=1,$N17,"") | AC17: =IF(T17=1,$N17,"") | AE17: =IF(V17=1,$N17,"") | AF17: =IF(W17=1,$N17,"") | AH17: =IF(Y17=1,$N17,"") -> 745472 | AI17: =IF(Z17=1,$N17,"") | AJ17: =IF(AA17=1,$N17,"")
B18: photoobjall | C18: photoobjall_galaxy | E18: field | F18: field | H18: field | I18: field | J18: frame_0 | L18: aa_sdss2003_optimized | M18: specobjall | N18: 72155136 | O18: 69 MB | P18: 1488 kB | Q18: 1856 kB | R18: =IF(ISNUMBER(SEARCH("_2x", L18)), "2x", IF(ISNUMBER(SEARCH("_5x", L18)), "5x", IF(ISNUMBER(SEARCH("_10x", L18)), "10x", "1x"))) -> 1x | T18: 1 | V18: 1 | Y18: 1 | AB18: =IF(S18=1,$N18,"") | AC18: =IF(T18=1,$N18,"") -> 72155136 | AE18: =IF(V18=1,$N18,"") -> 72155136 | AF18: =IF(W18=1,$N18,"") | AH18: =IF(Y18=1,$N18,"") -> 72155136 | AI18: =IF(Z18=1,$N18,"") | AJ18: =IF(AA18=1,$N18,"")
B19: photoz | C19: photoobjall_primary | E19: frame | F19: frame | H19: frame | I19: frame | J19: galspecextra | L19: aa_sdss2003_optimized | M19: specobjall_complementary | N19: 16384 | O19: 16 kB | P19: 0 bytes | Q19: 8192 bytes | R19: =IF(ISNUMBER(SEARCH("_2x", L19)), "2x", IF(ISNUMBER(SEARCH("_5x", L19)), "5x", IF(ISNUMBER(SEARCH("_10x", L19)), "10x", "1x"))) -> 1x | T19: 1 | V19: 1 | Y19: 1 | AB19: =IF(S19=1,$N19,"") | AC19: =IF(T19=1,$N19,"") -> 16384 | AE19: =IF(V19=1,$N19,"") -> 16384 | AF19: =IF(W19=1,$N19,"") | AH19: =IF(Y19=1,$N19,"") -> 16384 | AI19: =IF(Z19=1,$N19,"") | AJ19: =IF(AA19=1,$N19,"")
B20: specobjall | C20: photoz | E20: galspecindx | F20: galspecindx | H20: galspecextra | I20: galspecextra | J20: galspecindx | L20: aa_sdss2013_optimized | M20: field | N20: 70385664 | O20: 67 MB | P20: 664 kB | Q20: 264 kB | R20: =IF(ISNUMBER(SEARCH("_2x", L20)), "2x", IF(ISNUMBER(SEARCH("_5x", L20)), "5x", IF(ISNUMBER(SEARCH("_10x", L20)), "10x", "1x"))) -> 1x | W20: 1 | Z20: 1 | AB20: =IF(S20=1,$N20,"") | AC20: =IF(T20=1,$N20,"") | AE20: =IF(V20=1,$N20,"") | AF20: =IF(W20=1,$N20,"") -> 70385664 | AH20: =IF(Y20=1,$N20,"") | AI20: =IF(Z20=1,$N20,"") -> 70385664 | AJ20: =IF(AA20=1,$N20,"")
C21: specobjall | E21: photoobjall_galaxy | F21: photoobjall_galaxy | H21: galspecindx | I21: galspecindx | J21: photoobjall_galaxy | L21: aa_sdss2013_optimized | M21: frame | N21: 31948800 | O21: 30 MB | P21: 29 MB | Q21: 1392 kB | R21: =IF(ISNUMBER(SEARCH("_2x", L21)), "2x", IF(ISNUMBER(SEARCH("_5x", L21)), "5x", IF(ISNUMBER(SEARCH("_10x", L21)), "10x", "1x"))) -> 1x | W21: 1 | Z21: 1 | AB21: =IF(S21=1,$N21,"") | AC21: =IF(T21=1,$N21,"") | AE21: =IF(V21=1,$N21,"") | AF21: =IF(W21=1,$N21,"") -> 31948800 | AH21: =IF(Y21=1,$N21,"") | AI21: =IF(Z21=1,$N21,"") -> 31948800 | AJ21: =IF(AA21=1,$N21,"")
C22: specobjall_complementary | E22: photoobjall_galaxycomplementary | F22: photoobjall_galaxycomplementary | H22: photoobjall_galaxy | I22: photoobjall_galaxy | J22: photoobjall_galaxycomplementary | L22: aa_sdss2013_optimized | M22: galspecextra | N22: 30597120 | O22: 29 MB | P22: 29 MB | Q22: 496 kB | R22: =IF(ISNUMBER(SEARCH("_2x", L22)), "2x", IF(ISNUMBER(SEARCH("_5x", L22)), "5x", IF(ISNUMBER(SEARCH("_10x", L22)), "10x", "1x"))) -> 1x | Z22: 1 | AB22: =IF(S22=1,$N22,"") | AC22: =IF(T22=1,$N22,"") | AE22: =IF(V22=1,$N22,"") | AF22: =IF(W22=1,$N22,"") | AH22: =IF(Y22=1,$N22,"") | AI22: =IF(Z22=1,$N22,"") -> 30597120 | AJ22: =IF(AA22=1,$N22,"")
E23: photoobjall_other | F23: photoobjall_other | H23: photoobjall_galaxycomplementary | I23: photoobjall_galaxycomplementary | J23: photoobjall_other | L23: aa_sdss2013_optimized | M23: galspecindx | N23: 62570496 | O23: 60 MB | P23: 1304 kB | Q23: 496 kB | R23: =IF(ISNUMBER(SEARCH("_2x", L23)), "2x", IF(ISNUMBER(SEARCH("_5x", L23)), "5x", IF(ISNUMBER(SEARCH("_10x", L23)), "10x", "1x"))) -> 1x | W23: 1 | Z23: 1 | AB23: =IF(S23=1,$N23,"") | AC23: =IF(T23=1,$N23,"") | AE23: =IF(V23=1,$N23,"") | AF23: =IF(W23=1,$N23,"") -> 62570496 | AH23: =IF(Y23=1,$N23,"") | AI23: =IF(Z23=1,$N23,"") -> 62570496 | AJ23: =IF(AA23=1,$N23,"")
E24: photoobjall_primary | F24: photoobjall_primary | H24: photoobjall_other | I24: photoobjall_other | J24: photoobjall_primary | L24: aa_sdss2013_optimized | M24: photoobjall_galaxy | N24: 7258112 | O24: 7088 kB | P24: 6664 kB | Q24: 384 kB | R24: =IF(ISNUMBER(SEARCH("_2x", L24)), "2x", IF(ISNUMBER(SEARCH("_5x", L24)), "5x", IF(ISNUMBER(SEARCH("_10x", L24)), "10x", "1x"))) -> 1x | W24: 1 | Z24: 1 | AB24: =IF(S24=1,$N24,"") | AC24: =IF(T24=1,$N24,"") | AE24: =IF(V24=1,$N24,"") | AF24: =IF(W24=1,$N24,"") -> 7258112 | AH24: =IF(Y24=1,$N24,"") | AI24: =IF(Z24=1,$N24,"") -> 7258112 | AJ24: =IF(AA24=1,$N24,"")
E25: photoobjall_primarycomplementary | F25: photoz | H25: photoobjall_primary | I25: photoobjall_primary | J25: photoobjall_primarycomplementary | L25: aa_sdss2013_optimized | M25: photoobjall_galaxycomplementary | N25: 105308160 | O25: 100 MB | P25: 984 kB | Q25: 768 kB | R25: =IF(ISNUMBER(SEARCH("_2x", L25)), "2x", IF(ISNUMBER(SEARCH("_5x", L25)), "5x", IF(ISNUMBER(SEARCH("_10x", L25)), "10x", "1x"))) -> 1x | W25: 1 | Z25: 1 | AB25: =IF(S25=1,$N25,"") | AC25: =IF(T25=1,$N25,"") | AE25: =IF(V25=1,$N25,"") | AF25: =IF(W25=1,$N25,"") -> 105308160 | AH25: =IF(Y25=1,$N25,"") | AI25: =IF(Z25=1,$N25,"") -> 105308160 | AJ25: =IF(AA25=1,$N25,"")
E26: photoz | F26: photoz_complementary | H26: photoobjall_primarycomplementary | I26: photoobjall_primarycomplementary | J26: photoz | L26: aa_sdss2013_optimized | M26: photoobjall_other | N26: 382525440 | O26: 365 MB | P26: 3648 kB | Q26: 1376 kB | R26: =IF(ISNUMBER(SEARCH("_2x", L26)), "2x", IF(ISNUMBER(SEARCH("_5x", L26)), "5x", IF(ISNUMBER(SEARCH("_10x", L26)), "10x", "1x"))) -> 1x | W26: 1 | Z26: 1 | AB26: =IF(S26=1,$N26,"") | AC26: =IF(T26=1,$N26,"") | AE26: =IF(V26=1,$N26,"") | AF26: =IF(W26=1,$N26,"") -> 382525440 | AH26: =IF(Y26=1,$N26,"") | AI26: =IF(Z26=1,$N26,"") -> 382525440 | AJ26: =IF(AA26=1,$N26,"")
E27: photoz_complementary | F27: specobjall | H27: photoz | I27: photoz | J27: photozcomplementary | L27: aa_sdss2013_optimized | M27: photoobjall_primary | N27: 8945664 | O27: 8736 kB | P27: 8208 kB | Q27: 488 kB | R27: =IF(ISNUMBER(SEARCH("_2x", L27)), "2x", IF(ISNUMBER(SEARCH("_5x", L27)), "5x", IF(ISNUMBER(SEARCH("_10x", L27)), "10x", "1x"))) -> 1x | W27: 1 | Z27: 1 | AB27: =IF(S27=1,$N27,"") | AC27: =IF(T27=1,$N27,"") | AE27: =IF(V27=1,$N27,"") | AF27: =IF(W27=1,$N27,"") -> 8945664 | AH27: =IF(Y27=1,$N27,"") | AI27: =IF(Z27=1,$N27,"") -> 8945664 | AJ27: =IF(AA27=1,$N27,"")
E28: photozrf | H28: photoz_complementary | I28: photoz_complementary | J28: platex | L28: aa_sdss2013_optimized | M28: photoobjall_primarycomplementary | N28: 135561216 | O28: 129 MB | P28: 1264 kB | Q28: 976 kB | R28: =IF(ISNUMBER(SEARCH("_2x", L28)), "2x", IF(ISNUMBER(SEARCH("_5x", L28)), "5x", IF(ISNUMBER(SEARCH("_10x", L28)), "10x", "1x"))) -> 1x | W28: 1 | Z28: 1 | AB28: =IF(S28=1,$N28,"") | AC28: =IF(T28=1,$N28,"") | AE28: =IF(V28=1,$N28,"") | AF28: =IF(W28=1,$N28,"") -> 135561216 | AH28: =IF(Y28=1,$N28,"") | AI28: =IF(Z28=1,$N28,"") -> 135561216 | AJ28: =IF(AA28=1,$N28,"")
E29: specobjall | H29: platex | I29: platex | J29: specobjall | L29: aa_sdss2013_optimized | M29: photoz | N29: 327680 | O29: 320 kB | P29: 280 kB | Q29: 32 kB | R29: =IF(ISNUMBER(SEARCH("_2x", L29)), "2x", IF(ISNUMBER(SEARCH("_5x", L29)), "5x", IF(ISNUMBER(SEARCH("_10x", L29)), "10x", "1x"))) -> 1x | W29: 1 | Z29: 1 | AB29: =IF(S29=1,$N29,"") | AC29: =IF(T29=1,$N29,"") | AE29: =IF(V29=1,$N29,"") | AF29: =IF(W29=1,$N29,"") -> 327680 | AH29: =IF(Y29=1,$N29,"") | AI29: =IF(Z29=1,$N29,"") -> 327680 | AJ29: =IF(AA29=1,$N29,"")
E30: specobjall_complementary | H30: specobjall | I30: specobjall | J30: specobjallcomplementary | L30: aa_sdss2013_optimized | M30: photoz_complementary | N30: 15589376 | O30: 15 MB | P30: 14 MB | Q30: 384 kB | R30: =IF(ISNUMBER(SEARCH("_2x", L30)), "2x", IF(ISNUMBER(SEARCH("_5x", L30)), "5x", IF(ISNUMBER(SEARCH("_10x", L30)), "10x", "1x"))) -> 1x | W30: 1 | Z30: 1 | AB30: =IF(S30=1,$N30,"") | AC30: =IF(T30=1,$N30,"") | AE30: =IF(V30=1,$N30,"") | AF30: =IF(W30=1,$N30,"") -> 15589376 | AH30: =IF(Y30=1,$N30,"") | AI30: =IF(Z30=1,$N30,"") -> 15589376 | AJ30: =IF(AA30=1,$N30,"")
H31: specobjall_complementary | L31: aa_sdss2013_optimized | M31: photozrf | N31: 253952 | O31: 248 kB | P31: 224 kB | Q31: 16 kB | R31: =IF(ISNUMBER(SEARCH("_2x", L31)), "2x", IF(ISNUMBER(SEARCH("_5x", L31)), "5x", IF(ISNUMBER(SEARCH("_10x", L31)), "10x", "1x"))) -> 1x | AB31: =IF(S31=1,$N31,"") | AC31: =IF(T31=1,$N31,"") | AE31: =IF(V31=1,$N31,"") | AF31: =IF(W31=1,$N31,"") | AH31: =IF(Y31=1,$N31,"") | AI31: =IF(Z31=1,$N31,"") | AJ31: =IF(AA31=1,$N31,"")
L32: aa_sdss2013_optimized | M32: photozrf_complementary | N32: 12836864 | O32: 12 MB | P32: 12 MB | Q32: 384 kB | R32: =IF(ISNUMBER(SEARCH("_2x", L32)), "2x", IF(ISNUMBER(SEARCH("_5x", L32)), "5x", IF(ISNUMBER(SEARCH("_10x", L32)), "10x", "1x"))) -> 1x | AB32: =IF(S32=1,$N32,"") | AC32: =IF(T32=1,$N32,"") | AE32: =IF(V32=1,$N32,"") | AF32: =IF(W32=1,$N32,"") | AH32: =IF(Y32=1,$N32,"") | AI32: =IF(Z32=1,$N32,"") | AJ32: =IF(AA32=1,$N32,"")
L33: aa_sdss2013_optimized | M33: platex | N33: 745472 | O33: 728 kB | P33: 704 kB | Q33: 16 kB | R33: =IF(ISNUMBER(SEARCH("_2x", L33)), "2x", IF(ISNUMBER(SEARCH("_5x", L33)), "5x", IF(ISNUMBER(SEARCH("_10x", L33)), "10x", "1x"))) -> 1x | Z33: 1 | AB33: =IF(S33=1,$N33,"") | AC33: =IF(T33=1,$N33,"") | AE33: =IF(V33=1,$N33,"") | AF33: =IF(W33=1,$N33,"") | AH33: =IF(Y33=1,$N33,"") | AI33: =IF(Z33=1,$N33,"") -> 745472 | AJ33: =IF(AA33=1,$N33,"")
L34: aa_sdss2013_optimized | M34: specobjall | N34: 73523200 | O34: 70 MB | P34: 1488 kB | Q34: 3192 kB | R34: =IF(ISNUMBER(SEARCH("_2x", L34)), "2x", IF(ISNUMBER(SEARCH("_5x", L34)), "5x", IF(ISNUMBER(SEARCH("_10x", L34)), "10x", "1x"))) -> 1x | W34: 1 | Z34: 1 | AB34: =IF(S34=1,$N34,"") | AC34: =IF(T34=1,$N34,"") | AE34: =IF(V34=1,$N34,"") | AF34: =IF(W34=1,$N34,"") -> 73523200 | AH34: =IF(Y34=1,$N34,"") | AI34: =IF(Z34=1,$N34,"") -> 73523200 | AJ34: =IF(AA34=1,$N34,"")
L35: aa_sdss2023_optimized | M35: field_other | N35: 16384 | O35: 16 kB | P35: 0 bytes | Q35: 8192 bytes | R35: =IF(ISNUMBER(SEARCH("_2x", L35)), "2x", IF(ISNUMBER(SEARCH("_5x", L35)), "5x", IF(ISNUMBER(SEARCH("_10x", L35)), "10x", "1x"))) -> 1x | AA35: 1 | AB35: =IF(S35=1,$N35,"") | AC35: =IF(T35=1,$N35,"") | AE35: =IF(V35=1,$N35,"") | AF35: =IF(W35=1,$N35,"") | AH35: =IF(Y35=1,$N35,"") | AI35: =IF(Z35=1,$N35,"") | AJ35: =IF(AA35=1,$N35,"") -> 16384
L36: aa_sdss2023_optimized | M36: frame_0 | N36: 70574080 | O36: 67 MB | P36: 752 kB | Q36: 360 kB | R36: =IF(ISNUMBER(SEARCH("_2x", L36)), "2x", IF(ISNUMBER(SEARCH("_5x", L36)), "5x", IF(ISNUMBER(SEARCH("_10x", L36)), "10x", "1x"))) -> 1x | AA36: 1 | AB36: =IF(S36=1,$N36,"") | AC36: =IF(T36=1,$N36,"") | AE36: =IF(V36=1,$N36,"") | AF36: =IF(W36=1,$N36,"") | AH36: =IF(Y36=1,$N36,"") | AI36: =IF(Z36=1,$N36,"") | AJ36: =IF(AA36=1,$N36,"") -> 70574080
L37: aa_sdss2023_optimized | M37: frame_other | N37: 23977984 | O37: 23 MB | P37: 22 MB | Q37: 1048 kB | R37: =IF(ISNUMBER(SEARCH("_2x", L37)), "2x", IF(ISNUMBER(SEARCH("_5x", L37)), "5x", IF(ISNUMBER(SEARCH("_10x", L37)), "10x", "1x"))) -> 1x | AA37: 1 | AB37: =IF(S37=1,$N37,"") | AC37: =IF(T37=1,$N37,"") | AE37: =IF(V37=1,$N37,"") | AF37: =IF(W37=1,$N37,"") | AH37: =IF(Y37=1,$N37,"") | AI37: =IF(Z37=1,$N37,"") | AJ37: =IF(AA37=1,$N37,"") -> 23977984
L38: aa_sdss2023_optimized | M38: galspecextra | N38: 30597120 | O38: 29 MB | P38: 29 MB | Q38: 496 kB | R38: =IF(ISNUMBER(SEARCH("_2x", L38)), "2x", IF(ISNUMBER(SEARCH("_5x", L38)), "5x", IF(ISNUMBER(SEARCH("_10x", L38)), "10x", "1x"))) -> 1x | AA38: 1 | AB38: =IF(S38=1,$N38,"") | AC38: =IF(T38=1,$N38,"") | AE38: =IF(V38=1,$N38,"") | AF38: =IF(W38=1,$N38,"") | AH38: =IF(Y38=1,$N38,"") | AI38: =IF(Z38=1,$N38,"") | AJ38: =IF(AA38=1,$N38,"") -> 30597120
L39: aa_sdss2023_optimized | M39: galspecindx | N39: 62570496 | O39: 60 MB | P39: 1304 kB | Q39: 496 kB | R39: =IF(ISNUMBER(SEARCH("_2x", L39)), "2x", IF(ISNUMBER(SEARCH("_5x", L39)), "5x", IF(ISNUMBER(SEARCH("_10x", L39)), "10x", "1x"))) -> 1x | AA39: 1 | AB39: =IF(S39=1,$N39,"") | AC39: =IF(T39=1,$N39,"") | AE39: =IF(V39=1,$N39,"") | AF39: =IF(W39=1,$N39,"") | AH39: =IF(Y39=1,$N39,"") | AI39: =IF(Z39=1,$N39,"") | AJ39: =IF(AA39=1,$N39,"") -> 62570496
L40: aa_sdss2023_optimized | M40: photoobjall_galaxy | N40: 19431424 | O40: 19 MB | P40: 18 MB | Q40: 904 kB | R40: =IF(ISNUMBER(SEARCH("_2x", L40)), "2x", IF(ISNUMBER(SEARCH("_5x", L40)), "5x", IF(ISNUMBER(SEARCH("_10x", L40)), "10x", "1x"))) -> 1x | AA40: 1 | AB40: =IF(S40=1,$N40,"") | AC40: =IF(T40=1,$N40,"") | AE40: =IF(V40=1,$N40,"") | AF40: =IF(W40=1,$N40,"") | AH40: =IF(Y40=1,$N40,"") | AI40: =IF(Z40=1,$N40,"") | AJ40: =IF(AA40=1,$N40,"") -> 19431424
L41: aa_sdss2023_optimized | M41: photoobjall_galaxycomplementary | N41: 255352832 | O41: 244 MB | P41: 2392 kB | Q41: 904 kB | R41: =IF(ISNUMBER(SEARCH("_2x", L41)), "2x", IF(ISNUMBER(SEARCH("_5x", L41)), "5x", IF(ISNUMBER(SEARCH("_10x", L41)), "10x", "1x"))) -> 1x | AA41: 1 | AB41: =IF(S41=1,$N41,"") | AC41: =IF(T41=1,$N41,"") | AE41: =IF(V41=1,$N41,"") | AF41: =IF(W41=1,$N41,"") | AH41: =IF(Y41=1,$N41,"") | AI41: =IF(Z41=1,$N41,"") | AJ41: =IF(AA41=1,$N41,"") -> 255352832
L42: aa_sdss2023_optimized | M42: photoobjall_other | N42: 234848256 | O42: 224 MB | P42: 2256 kB | Q42: 2048 kB | R42: =IF(ISNUMBER(SEARCH("_2x", L42)), "2x", IF(ISNUMBER(SEARCH("_5x", L42)), "5x", IF(ISNUMBER(SEARCH("_10x", L42)), "10x", "1x"))) -> 1x | AA42: 1 | AB42: =IF(S42=1,$N42,"") | AC42: =IF(T42=1,$N42,"") | AE42: =IF(V42=1,$N42,"") | AF42: =IF(W42=1,$N42,"") | AH42: =IF(Y42=1,$N42,"") | AI42: =IF(Z42=1,$N42,"") | AJ42: =IF(AA42=1,$N42,"") -> 234848256
L43: aa_sdss2023_optimized | M43: photoobjall_primary | N43: 9207808 | O43: 8992 kB | P43: 8472 kB | Q43: 480 kB | R43: =IF(ISNUMBER(SEARCH("_2x", L43)), "2x", IF(ISNUMBER(SEARCH("_5x", L43)), "5x", IF(ISNUMBER(SEARCH("_10x", L43)), "10x", "1x"))) -> 1x | AA43: 1 | AB43: =IF(S43=1,$N43,"") | AC43: =IF(T43=1,$N43,"") | AE43: =IF(V43=1,$N43,"") | AF43: =IF(W43=1,$N43,"") | AH43: =IF(Y43=1,$N43,"") | AI43: =IF(Z43=1,$N43,"") | AJ43: =IF(AA43=1,$N43,"") -> 9207808
L44: aa_sdss2023_optimized | M44: photoobjall_primarycomplementary | N44: 133341184 | O44: 127 MB | P44: 1248 kB | Q44: 480 kB | R44: =IF(ISNUMBER(SEARCH("_2x", L44)), "2x", IF(ISNUMBER(SEARCH("_5x", L44)), "5x", IF(ISNUMBER(SEARCH("_10x", L44)), "10x", "1x"))) -> 1x | AA44: 1 | AB44: =IF(S44=1,$N44,"") | AC44: =IF(T44=1,$N44,"") | AE44: =IF(V44=1,$N44,"") | AF44: =IF(W44=1,$N44,"") | AH44: =IF(Y44=1,$N44,"") | AI44: =IF(Z44=1,$N44,"") | AJ44: =IF(AA44=1,$N44,"") -> 133341184
L45: aa_sdss2023_optimized | M45: photoz | N45: 49152 | O45: 48 kB | P45: 24 kB | Q45: 16 kB | R45: =IF(ISNUMBER(SEARCH("_2x", L45)), "2x", IF(ISNUMBER(SEARCH("_5x", L45)), "5x", IF(ISNUMBER(SEARCH("_10x", L45)), "10x", "1x"))) -> 1x | AA45: 1 | AB45: =IF(S45=1,$N45,"") | AC45: =IF(T45=1,$N45,"") | AE45: =IF(V45=1,$N45,"") | AF45: =IF(W45=1,$N45,"") | AH45: =IF(Y45=1,$N45,"") | AI45: =IF(Z45=1,$N45,"") | AJ45: =IF(AA45=1,$N45,"") -> 49152
L46: aa_sdss2023_optimized | M46: photozcomplementary | N46: 278528 | O46: 272 kB | P46: 248 kB | Q46: 16 kB | R46: =IF(ISNUMBER(SEARCH("_2x", L46)), "2x", IF(ISNUMBER(SEARCH("_5x", L46)), "5x", IF(ISNUMBER(SEARCH("_10x", L46)), "10x", "1x"))) -> 1x | AA46: 1 | AB46: =IF(S46=1,$N46,"") | AC46: =IF(T46=1,$N46,"") | AE46: =IF(V46=1,$N46,"") | AF46: =IF(W46=1,$N46,"") | AH46: =IF(Y46=1,$N46,"") | AI46: =IF(Z46=1,$N46,"") | AJ46: =IF(AA46=1,$N46,"") -> 278528
... L49: aa_sdss2023_optimized | M49: specobjallcomplementary | N49: 70828032 | O49: 68 MB | P49: 1488 kB | Q49: 560 kB | R49: =IF(ISNUMBER(SEARCH("_2x", L49)), "2x", IF(ISNUMBER(SEARCH("_5x", L49)), "5x", IF(ISNUMBER(SEARCH("_10x", L49)), "10x", "1x"))) -> 1x | AA49: 1 | AB49: =IF(S49=1,$N49,"") | AC49: =IF(T49=1,$N49,"") | AE49: =IF(V49=1,$N49,"") | AF49: =IF(W49=1,$N49,"") | AH49: =IF(Y49=1,$N49,"") | AI49: =IF(Z49=1,$N49,"") | AJ49: =IF(AA49=1,$N49,"") -> 70828032
L50: aa_sdss2003_2x | M50: photoobjall | N50: 1250803712 | O50: 1193 MB | P50: 11 MB | Q50: 10 MB | R50: =IF(ISNUMBER(SEARCH("_2x", L50)), "2x", IF(ISNUMBER(SEARCH("_5x", L50)), "5x", IF(ISNUMBER(SEARCH("_10x", L50)), "10x", "1x"))) -> 2x | S50: 1 | AB50: =IF(S50=1,$N50,"") -> 1250803712 | AC50: =IF(T50=1,$N50,"") | AE50: =IF(V50=1,$N50,"") | AF50: =IF(W50=1,$N50,"") | AH50: =IF(Y50=1,$N50,"") | AI50: =IF(Z50=1,$N50,"") | AJ50: =IF(AA50=1,$N50,"")
L51: aa_sdss2003_2x | M51: photoz | N51: 36274176 | O51: 35 MB | P51: 33 MB | Q51: 1520 kB | R51: =IF(ISNUMBER(SEARCH("_2x", L51)), "2x", IF(ISNUMBER(SEARCH("_5x", L51)), "5x", IF(ISNUMBER(SEARCH("_10x", L51)), "10x", "1x"))) -> 2x | S51: 1 | T51: 1 | AB51: =IF(S51=1,$N51,"") -> 36274176 | AC51: =IF(T51=1,$N51,"") -> 36274176 | AE51: =IF(V51=1,$N51,"") | AF51: =IF(W51=1,$N51,"") | AH51: =IF(Y51=1,$N51,"") | AI51: =IF(Z51=1,$N51,"") | AJ51: =IF(AA51=1,$N51,"")
L52: aa_sdss2003_2x | M52: specobjall | N52: 144171008 | O52: 137 MB | P52: 2968 kB | Q52: 3672 kB | R52: =IF(ISNUMBER(SEARCH("_2x", L52)), "2x", IF(ISNUMBER(SEARCH("_5x", L52)), "5x", IF(ISNUMBER(SEARCH("_10x", L52)), "10x", "1x"))) -> 2x | S52: 1 | AB52: =IF(S52=1,$N52,"") -> 144171008 | AC52: =IF(T52=1,$N52,"") | AE52: =IF(V52=1,$N52,"") | AF52: =IF(W52=1,$N52,"") | AH52: =IF(Y52=1,$N52,"") | AI52: =IF(Z52=1,$N52,"") | AJ52: =IF(AA52=1,$N52,"")
L53: aa_sdss2003_2x_optimized | M53: field | N53: 70385664 | O53: 67 MB | P53: 664 kB | Q53: 264 kB | R53: =IF(ISNUMBER(SEARCH("_2x", L53)), "2x", IF(ISNUMBER(SEARCH("_5x", L53)), "5x", IF(ISNUMBER(SEARCH("_10x", L53)), "10x", "1x"))) -> 2x | V53: 1 | Y53: 1 | AB53: =IF(S53=1,$N53,"") | AC53: =IF(T53=1,$N53,"") | AE53: =IF(V53=1,$N53,"") -> 70385664 | AF53: =IF(W53=1,$N53,"") | AH53: =IF(Y53=1,$N53,"") -> 70385664 | AI53: =IF(Z53=1,$N53,"") | AJ53: =IF(AA53=1,$N53,"")
L54: aa_sdss2003_2x_optimized | M54: frame | N54: 31948800 | O54: 30 MB | P54: 29 MB | Q54: 1392 kB | R54: =IF(ISNUMBER(SEARCH("_2x", L54)), "2x", IF(ISNUMBER(SEARCH("_5x", L54)), "5x", IF(ISNUMBER(SEARCH("_10x", L54)), "10x", "1x"))) -> 2x | V54: 1 | Y54: 1 | AB54: =IF(S54=1,$N54,"") | AC54: =IF(T54=1,$N54,"") | AE54: =IF(V54=1,$N54,"") -> 31948800 | AF54: =IF(W54=1,$N54,"") | AH54: =IF(Y54=1,$N54,"") -> 31948800 | AI54: =IF(Z54=1,$N54,"") | AJ54: =IF(AA54=1,$N54,"")
L55: aa_sdss2003_2x_optimized | M55: galspecextra | N55: 61726720 | O55: 59 MB | P55: 58 MB | Q55: 976 kB | R55: =IF(ISNUMBER(SEARCH("_2x", L55)), "2x", IF(ISNUMBER(SEARCH("_5x", L55)), "5x", IF(ISNUMBER(SEARCH("_10x", L55)), "10x", "1x"))) -> 2x | Y55: 1 | AB55: =IF(S55=1,$N55,"") | AC55: =IF(T55=1,$N55,"") | AE55: =IF(V55=1,$N55,"") | AF55: =IF(W55=1,$N55,"") | AH55: =IF(Y55=1,$N55,"") -> 61726720 | AI55: =IF(Z55=1,$N55,"") | AJ55: =IF(AA55=1,$N55,"")
L56: aa_sdss2003_2x_optimized | M56: galspecindx | N56: 125034496 | O56: 119 MB | P56: 2600 kB | Q56: 976 kB | R56: =IF(ISNUMBER(SEARCH("_2x", L56)), "2x", IF(ISNUMBER(SEARCH("_5x", L56)), "5x", IF(ISNUMBER(SEARCH("_10x", L56)), "10x", "1x"))) -> 2x | V56: 1 | Y56: 1 | AB56: =IF(S56=1,$N56,"") | AC56: =IF(T56=1,$N56,"") | AE56: =IF(V56=1,$N56,"") -> 125034496 | AF56: =IF(W56=1,$N56,"") | AH56: =IF(Y56=1,$N56,"") -> 125034496 | AI56: =IF(Z56=1,$N56,"") | AJ56: =IF(AA56=1,$N56,"")
L57: aa_sdss2003_2x_optimized | M57: photoobjall_galaxy | N57: 49152 | O57: 48 kB | P57: 8192 bytes | Q57: 32 kB | R57: =IF(ISNUMBER(SEARCH("_2x", L57)), "2x", IF(ISNUMBER(SEARCH("_5x", L57)), "5x", IF(ISNUMBER(SEARCH("_10x", L57)), "10x", "1x"))) -> 2x | T57: 1 | V57: 1 | Y57: 1 | AB57: =IF(S57=1,$N57,"") | AC57: =IF(T57=1,$N57,"") -> 49152 | AE57: =IF(V57=1,$N57,"") -> 49152 | AF57: =IF(W57=1,$N57,"") | AH57: =IF(Y57=1,$N57,"") -> 49152 | AI57: =IF(Z57=1,$N57,"") | AJ57: =IF(AA57=1,$N57,"")
L58: aa_sdss2003_2x_optimized | M58: photoobjall_galaxycomplementary | N58: 106496 | O58: 104 kB | P58: 8192 bytes | Q58: 16 kB | R58: =IF(ISNUMBER(SEARCH("_2x", L58)), "2x", IF(ISNUMBER(SEARCH("_5x", L58)), "5x", IF(ISNUMBER(SEARCH("_10x", L58)), "10x", "1x"))) -> 2x | T58: 1 | V58: 1 | Y58: 1 | AB58: =IF(S58=1,$N58,"") | AC58: =IF(T58=1,$N58,"") -> 106496 | AE58: =IF(V58=1,$N58,"") -> 106496 | AF58: =IF(W58=1,$N58,"") | AH58: =IF(Y58=1,$N58,"") -> 106496 | AI58: =IF(Z58=1,$N58,"") | AJ58: =IF(AA58=1,$N58,"")
L59: aa_sdss2003_2x_optimized | M59: photoobjall_other | N59: 768819200 | O59: 733 MB | P59: 7288 kB | Q59: 6584 kB | R59: =IF(ISNUMBER(SEARCH("_2x", L59)), "2x", IF(ISNUMBER(SEARCH("_5x", L59)), "5x", IF(ISNUMBER(SEARCH("_10x", L59)), "10x", "1x"))) -> 2x | T59: 1 | V59: 1 | Y59: 1 | AB59: =IF(S59=1,$N59,"") | AC59: =IF(T59=1,$N59,"") -> 768819200 | AE59: =IF(V59=1,$N59,"") -> 768819200 | AF59: =IF(W59=1,$N59,"") | AH59: =IF(Y59=1,$N59,"") -> 768819200 | AI59: =IF(Z59=1,$N59,"") | AJ59: =IF(AA59=1,$N59,"")
L60: aa_sdss2003_2x_optimized | M60: photoobjall_primary | N60: 45801472 | O60: 44 MB | P60: 40 MB | Q60: 4056 kB | R60: =IF(ISNUMBER(SEARCH("_2x", L60)), "2x", IF(ISNUMBER(SEARCH("_5x", L60)), "5x", IF(ISNUMBER(SEARCH("_10x", L60)), "10x", "1x"))) -> 2x | T60: 1 | V60: 1 | Y60: 1 | AB60: =IF(S60=1,$N60,"") | AC60: =IF(T60=1,$N60,"") -> 45801472 | AE60: =IF(V60=1,$N60,"") -> 45801472 | AF60: =IF(W60=1,$N60,"") | AH60: =IF(Y60=1,$N60,"") -> 45801472 | AI60: =IF(Z60=1,$N60,"") | AJ60: =IF(AA60=1,$N60,"")
L61: aa_sdss2003_2x_optimized | M61: photoobjall_primarycomplementary | N61: 481386496 | O61: 459 MB | P61: 4488 kB | Q61: 3376 kB | R61: =IF(ISNUMBER(SEARCH("_2x", L61)), "2x", IF(ISNUMBER(SEARCH("_5x", L61)), "5x", IF(ISNUMBER(SEARCH("_10x", L61)), "10x", "1x"))) -> 2x | T61: 1 | V61: 1 | Y61: 1 | AB61: =IF(S61=1,$N61,"") | AC61: =IF(T61=1,$N61,"") -> 481386496 | AE61: =IF(V61=1,$N61,"") -> 481386496 | AF61: =IF(W61=1,$N61,"") | AH61: =IF(Y61=1,$N61,"") -> 481386496 | AI61: =IF(Z61=1,$N61,"") | AJ61: =IF(AA61=1,$N61,"")
L62: aa_sdss2003_2x_optimized | M62: photoz | N62: 36257792 | O62: 35 MB | P62: 33 MB | Q62: 1520 kB | R62: =IF(ISNUMBER(SEARCH("_2x", L62)), "2x", IF(ISNUMBER(SEARCH("_5x", L62)), "5x", IF(ISNUMBER(SEARCH("_10x", L62)), "10x", "1x"))) -> 2x | V62: 1 | Y62: 1 | AB62: =IF(S62=1,$N62,"") | AC62: =IF(T62=1,$N62,"") | AE62: =IF(V62=1,$N62,"") -> 36257792 | AF62: =IF(W62=1,$N62,"") | AH62: =IF(Y62=1,$N62,"") -> 36257792 | AI62: =IF(Z62=1,$N62,"") | AJ62: =IF(AA62=1,$N62,"")
L63: aa_sdss2003_2x_optimized | M63: photoz_complementary | N63: 40960 | O63: 40 kB | P63: 16 kB | Q63: 16 kB | R63: =IF(ISNUMBER(SEARCH("_2x", L63)), "2x", IF(ISNUMBER(SEARCH("_5x", L63)), "5x", IF(ISNUMBER(SEARCH("_10x", L63)), "10x", "1x"))) -> 2x | V63: 1 | Y63: 1 | AB63: =IF(S63=1,$N63,"") | AC63: =IF(T63=1,$N63,"") | AE63: =IF(V63=1,$N63,"") -> 40960 | AF63: =IF(W63=1,$N63,"") | AH63: =IF(Y63=1,$N63,"") -> 40960 | AI63: =IF(Z63=1,$N63,"") | AJ63: =IF(AA63=1,$N63,"")
L64: aa_sdss2003_2x_optimized | M64: photozrf | N64: 28549120 | O64: 27 MB | P64: 26 MB | Q64: 760 kB | R64: =IF(ISNUMBER(SEARCH("_2x", L64)), "2x", IF(ISNUMBER(SEARCH("_5x", L64)), "5x", IF(ISNUMBER(SEARCH("_10x", L64)), "10x", "1x"))) -> 2x | V64: 1 | AB64: =IF(S64=1,$N64,"") | AC64: =IF(T64=1,$N64,"") | AE64: =IF(V64=1,$N64,"") -> 28549120 | AF64: =IF(W64=1,$N64,"") | AH64: =IF(Y64=1,$N64,"") | AI64: =IF(Z64=1,$N64,"") | AJ64: =IF(AA64=1,$N64,"")
L65: aa_sdss2003_2x_optimized | M65: platex | N65: 745472 | O65: 728 kB | P65: 704 kB | Q65: 16 kB | R65: =IF(ISNUMBER(SEARCH("_2x", L65)), "2x", IF(ISNUMBER(SEARCH("_5x", L65)), "5x", IF(ISNUMBER(SEARCH("_10x", L65)), "10x", "1x"))) -> 2x | Y65: 1 | AB65: =IF(S65=1,$N65,"") | AC65: =IF(T65=1,$N65,"") | AE65: =IF(V65=1,$N65,"") | AF65: =IF(W65=1,$N65,"") | AH65: =IF(Y65=1,$N65,"") -> 745472 | AI65: =IF(Z65=1,$N65,"") | AJ65: =IF(AA65=1,$N65,"")
L66: aa_sdss2003_2x_optimized | M66: specobjall | N66: 144171008 | O66: 137 MB | P66: 2968 kB | Q66: 3672 kB | R66: =IF(ISNUMBER(SEARCH("_2x", L66)), "2x", IF(ISNUMBER(SEARCH("_5x", L66)), "5x", IF(ISNUMBER(SEARCH("_10x", L66)), "10x", "1x"))) -> 2x | T66: 1 | V66: 1 | Y66: 1 | AB66: =IF(S66=1,$N66,"") | AC66: =IF(T66=1,$N66,"") -> 144171008 | AE66: =IF(V66=1,$N66,"") -> 144171008 | AF66: =IF(W66=1,$N66,"") | AH66: =IF(Y66=1,$N66,"") -> 144171008 | AI66: =IF(Z66=1,$N66,"") | AJ66: =IF(AA66=1,$N66,"")
L67: aa_sdss2003_2x_optimized | M67: specobjall_complementary | N67: 16384 | O67: 16 kB | P67: 0 bytes | Q67: 8192 bytes | R67: =IF(ISNUMBER(SEARCH("_2x", L67)), "2x", IF(ISNUMBER(SEARCH("_5x", L67)), "5x", IF(ISNUMBER(SEARCH("_10x", L67)), "10x", "1x"))) -> 2x | T67: 1 | V67: 1 | Y67: 1 | AB67: =IF(S67=1,$N67,"") | AC67: =IF(T67=1,$N67,"") -> 16384 | AE67: =IF(V67=1,$N67,"") -> 16384 | AF67: =IF(W67=1,$N67,"") | AH67: =IF(Y67=1,$N67,"") -> 16384 | AI67: =IF(Z67=1,$N67,"") | AJ67: =IF(AA67=1,$N67,"")
L68: aa_sdss2013_2x_optimized | M68: field | N68: 70385664 | O68: 67 MB | P68: 664 kB | Q68: 264 kB | R68: =IF(ISNUMBER(SEARCH("_2x", L68)), "2x", IF(ISNUMBER(SEARCH("_5x", L68)), "5x", IF(ISNUMBER(SEARCH("_10x", L68)), "10x", "1x"))) -> 2x | W68: 1 | Z68: 1 | AB68: =IF(S68=1,$N68,"") | AC68: =IF(T68=1,$N68,"") | AE68: =IF(V68=1,$N68,"") | AF68: =IF(W68=1,$N68,"") -> 70385664 | AH68: =IF(Y68=1,$N68,"") | AI68: =IF(Z68=1,$N68,"") -> 70385664 | AJ68: =IF(AA68=1,$N68,"")
L69: aa_sdss2013_2x_optimized | M69: frame | N69: 31948800 | O69: 30 MB | P69: 29 MB | Q69: 1392 kB | R69: =IF(ISNUMBER(SEARCH("_2x", L69)), "2x", IF(ISNUMBER(SEARCH("_5x", L69)), "5x", IF(ISNUMBER(SEARCH("_10x", L69)), "10x", "1x"))) -> 2x | W69: 1 | Z69: 1 | AB69: =IF(S69=1,$N69,"") | AC69: =IF(T69=1,$N69,"") | AE69: =IF(V69=1,$N69,"") | AF69: =IF(W69=1,$N69,"") -> 31948800 | AH69: =IF(Y69=1,$N69,"") | AI69: =IF(Z69=1,$N69,"") -> 31948800 | AJ69: =IF(AA69=1,$N69,"")
L70: aa_sdss2013_2x_optimized | M70: galspecextra | N70: 61726720 | O70: 59 MB | P70: 58 MB | Q70: 976 kB | R70: =IF(ISNUMBER(SEARCH("_2x", L70)), "2x", IF(ISNUMBER(SEARCH("_5x", L70)), "5x", IF(ISNUMBER(SEARCH("_10x", L70)), "10x", "1x"))) -> 2x | Z70: 1 | AB70: =IF(S70=1,$N70,"") | AC70: =IF(T70=1,$N70,"") | AE70: =IF(V70=1,$N70,"") | AF70: =IF(W70=1,$N70,"") | AH70: =IF(Y70=1,$N70,"") | AI70: =IF(Z70=1,$N70,"") -> 61726720 | AJ70: =IF(AA70=1,$N70,"")
L71: aa_sdss2013_2x_optimized | M71: galspecindx | N71: 125034496 | O71: 119 MB | P71: 2600 kB | Q71: 976 kB | R71: =IF(ISNUMBER(SEARCH("_2x", L71)), "2x", IF(ISNUMBER(SEARCH("_5x", L71)), "5x", IF(ISNUMBER(SEARCH("_10x", L71)), "10x", "1x"))) -> 2x | W71: 1 | Z71: 1 | AB71: =IF(S71=1,$N71,"") | AC71: =IF(T71=1,$N71,"") | AE71: =IF(V71=1,$N71,"") | AF71: =IF(W71=1,$N71,"") -> 125034496 | AH71: =IF(Y71=1,$N71,"") | AI71: =IF(Z71=1,$N71,"") -> 125034496 | AJ71: =IF(AA71=1,$N71,"")
L72: aa_sdss2013_2x_optimized | M72: photoobjall_galaxy | N72: 14442496 | O72: 14 MB | P72: 13 MB | Q72: 744 kB | R72: =IF(ISNUMBER(SEARCH("_2x", L72)), "2x", IF(ISNUMBER(SEARCH("_5x", L72)), "5x", IF(ISNUMBER(SEARCH("_10x", L72)), "10x", "1x"))) -> 2x | W72: 1 | Z72: 1 | AB72: =IF(S72=1,$N72,"") | AC72: =IF(T72=1,$N72,"") | AE72: =IF(V72=1,$N72,"") | AF72: =IF(W72=1,$N72,"") -> 14442496 | AH72: =IF(Y72=1,$N72,"") | AI72: =IF(Z72=1,$N72,"") -> 14442496 | AJ72: =IF(AA72=1,$N72,"")
L73: aa_sdss2013_2x_optimized | M73: photoobjall_galaxycomplementary | N73: 210460672 | O73: 201 MB | P73: 1960 kB | Q73: 1488 kB | R73: =IF(ISNUMBER(SEARCH("_2x", L73)), "2x", IF(ISNUMBER(SEARCH("_5x", L73)), "5x", IF(ISNUMBER(SEARCH("_10x", L73)), "10x", "1x"))) -> 2x | W73: 1 | Z73: 1 | AB73: =IF(S73=1,$N73,"") | AC73: =IF(T73=1,$N73,"") | AE73: =IF(V73=1,$N73,"") | AF73: =IF(W73=1,$N73,"") -> 210460672 | AH73: =IF(Y73=1,$N73,"") | AI73: =IF(Z73=1,$N73,"") -> 210460672 | AJ73: =IF(AA73=1,$N73,"")
L74: aa_sdss2013_2x_optimized | M74: photoobjall_other | N74: 764952576 | O74: 730 MB | P74: 7288 kB | Q74: 2744 kB | R74: =IF(ISNUMBER(SEARCH("_2x", L74)), "2x", IF(ISNUMBER(SEARCH("_5x", L74)), "5x", IF(ISNUMBER(SEARCH("_10x", L74)), "10x", "1x"))) -> 2x | W74: 1 | Z74: 1 | AB74: =IF(S74=1,$N74,"") | AC74: =IF(T74=1,$N74,"") | AE74: =IF(V74=1,$N74,"") | AF74: =IF(W74=1,$N74,"") -> 764952576 | AH74: =IF(Y74=1,$N74,"") | AI74: =IF(Z74=1,$N74,"") -> 764952576 | AJ74: =IF(AA74=1,$N74,"")
L75: aa_sdss2013_2x_optimized | M75: photoobjall_primary | N75: 17776640 | O75: 17 MB | P75: 16 MB | Q75: 960 kB | R75: =IF(ISNUMBER(SEARCH("_2x", L75)), "2x", IF(ISNUMBER(SEARCH("_5x", L75)), "5x", IF(ISNUMBER(SEARCH("_10x", L75)), "10x", "1x"))) -> 2x | W75: 1 | Z75: 1 | AB75: =IF(S75=1,$N75,"") | AC75: =IF(T75=1,$N75,"") | AE75: =IF(V75=1,$N75,"") | AF75: =IF(W75=1,$N75,"") -> 17776640 | AH75: =IF(Y75=1,$N75,"") | AI75: =IF(Z75=1,$N75,"") -> 17776640 | AJ75: =IF(AA75=1,$N75,"")
L76: aa_sdss2013_2x_optimized | M76: photoobjall_primarycomplementary | N76: 271007744 | O76: 258 MB | P76: 2528 kB | Q76: 1920 kB | R76: =IF(ISNUMBER(SEARCH("_2x", L76)), "2x", IF(ISNUMBER(SEARCH("_5x", L76)), "5x", IF(ISNUMBER(SEARCH("_10x", L76)), "10x", "1x"))) -> 2x | W76: 1 | Z76: 1 | AB76: =IF(S76=1,$N76,"") | AC76: =IF(T76=1,$N76,"") | AE76: =IF(V76=1,$N76,"") | AF76: =IF(W76=1,$N76,"") -> 271007744 | AH76: =IF(Y76=1,$N76,"") | AI76: =IF(Z76=1,$N76,"") -> 271007744 | AJ76: =IF(AA76=1,$N76,"")
L77: aa_sdss2013_2x_optimized | M77: photoz | N77: 647168 | O77: 632 kB | P77: 560 kB | Q77: 64 kB | R77: =IF(ISNUMBER(SEARCH("_2x", L77)), "2x", IF(ISNUMBER(SEARCH("_5x", L77)), "5x", IF(ISNUMBER(SEARCH("_10x", L77)), "10x", "1x"))) -> 2x | W77: 1 | Z77: 1 | AB77: =IF(S77=1,$N77,"") | AC77: =IF(T77=1,$N77,"") | AE77: =IF(V77=1,$N77,"") | AF77: =IF(W77=1,$N77,"") -> 647168 | AH77: =IF(Y77=1,$N77,"") | AI77: =IF(Z77=1,$N77,"") -> 647168 | AJ77: =IF(AA77=1,$N77,"")
L78: aa_sdss2013_2x_optimized | M78: photoz_complementary | N78: 31113216 | O78: 30 MB | P78: 29 MB | Q78: 744 kB | R78: =IF(ISNUMBER(SEARCH("_2x", L78)), "2x", IF(ISNUMBER(SEARCH("_5x", L78)), "5x", IF(ISNUMBER(SEARCH("_10x", L78)), "10x", "1x"))) -> 2x | W78: 1 | Z78: 1 | AB78: =IF(S78=1,$N78,"") | AC78: =IF(T78=1,$N78,"") | AE78: =IF(V78=1,$N78,"") | AF78: =IF(W78=1,$N78,"") -> 31113216 | AH78: =IF(Y78=1,$N78,"") | AI78: =IF(Z78=1,$N78,"") -> 31113216 | AJ78: =IF(AA78=1,$N78,"")
L79: aa_sdss2013_2x_optimized | M79: photozrf | N79: 499712 | O79: 488 kB | P79: 448 kB | Q79: 32 kB | R79: =IF(ISNUMBER(SEARCH("_2x", L79)), "2x", IF(ISNUMBER(SEARCH("_5x", L79)), "5x", IF(ISNUMBER(SEARCH("_10x", L79)), "10x", "1x"))) -> 2x | AB79: =IF(S79=1,$N79,"") | AC79: =IF(T79=1,$N79,"") | AE79: =IF(V79=1,$N79,"") | AF79: =IF(W79=1,$N79,"") | AH79: =IF(Y79=1,$N79,"") | AI79: =IF(Z79=1,$N79,"") | AJ79: =IF(AA79=1,$N79,"")
L80: aa_sdss2013_2x_optimized | M80: photozrf_complementary | N80: 25600000 | O80: 24 MB | P80: 24 MB | Q80: 744 kB | R80: =IF(ISNUMBER(SEARCH("_2x", L80)), "2x", IF(ISNUMBER(SEARCH("_5x", L80)), "5x", IF(ISNUMBER(SEARCH("_10x", L80)), "10x", "1x"))) -> 2x | AB80: =IF(S80=1,$N80,"") | AC80: =IF(T80=1,$N80,"") | AE80: =IF(V80=1,$N80,"") | AF80: =IF(W80=1,$N80,"") | AH80: =IF(Y80=1,$N80,"") | AI80: =IF(Z80=1,$N80,"") | AJ80: =IF(AA80=1,$N80,"")
L81: aa_sdss2013_2x_optimized | M81: platex | N81: 745472 | O81: 728 kB | P81: 704 kB | Q81: 16 kB | R81: =IF(ISNUMBER(SEARCH("_2x", L81)), "2x", IF(ISNUMBER(SEARCH("_5x", L81)), "5x", IF(ISNUMBER(SEARCH("_10x", L81)), "10x", "1x"))) -> 2x | Z81: 1 | AB81: =IF(S81=1,$N81,"") | AC81: =IF(T81=1,$N81,"") | AE81: =IF(V81=1,$N81,"") | AF81: =IF(W81=1,$N81,"") | AH81: =IF(Y81=1,$N81,"") | AI81: =IF(Z81=1,$N81,"") -> 745472 | AJ81: =IF(AA81=1,$N81,"")
L82: aa_sdss2013_2x_optimized | M82: specobjall | N82: 146890752 | O82: 140 MB | P82: 2968 kB | Q82: 6328 kB | R82: =IF(ISNUMBER(SEARCH("_2x", L82)), "2x", IF(ISNUMBER(SEARCH("_5x", L82)), "5x", IF(ISNUMBER(SEARCH("_10x", L82)), "10x", "1x"))) -> 2x | W82: 1 | Z82: 1 | AB82: =IF(S82=1,$N82,"") | AC82: =IF(T82=1,$N82,"") | AE82: =IF(V82=1,$N82,"") | AF82: =IF(W82=1,$N82,"") -> 146890752 | AH82: =IF(Y82=1,$N82,"") | AI82: =IF(Z82=1,$N82,"") -> 146890752 | AJ82: =IF(AA82=1,$N82,"")
L83: aa_sdss2023_2x_optimized | M83: field_other | N83: 16384 | O83: 16 kB | P83: 0 bytes | Q83: 8192 bytes | R83: =IF(ISNUMBER(SEARCH("_2x", L83)), "2x", IF(ISNUMBER(SEARCH("_5x", L83)), "5x", IF(ISNUMBER(SEARCH("_10x", L83)), "10x", "1x"))) -> 2x | AA83: 1 | AB83: =IF(S83=1,$N83,"") | AC83: =IF(T83=1,$N83,"") | AE83: =IF(V83=1,$N83,"") | AF83: =IF(W83=1,$N83,"") | AH83: =IF(Y83=1,$N83,"") | AI83: =IF(Z83=1,$N83,"") | AJ83: =IF(AA83=1,$N83,"") -> 16384
L84: aa_sdss2023_2x_optimized | M84: frame_0 | N84: 70574080 | O84: 67 MB | P84: 752 kB | Q84: 360 kB | R84: =IF(ISNUMBER(SEARCH("_2x", L84)), "2x", IF(ISNUMBER(SEARCH("_5x", L84)), "5x", IF(ISNUMBER(SEARCH("_10x", L84)), "10x", "1x"))) -> 2x | AA84: 1 | AB84: =IF(S84=1,$N84,"") | AC84: =IF(T84=1,$N84,"") | AE84: =IF(V84=1,$N84,"") | AF84: =IF(W84=1,$N84,"") | AH84: =IF(Y84=1,$N84,"") | AI84: =IF(Z84=1,$N84,"") | AJ84: =IF(AA84=1,$N84,"") -> 70574080
L85: aa_sdss2023_2x_optimized | M85: frame_other | N85: 23977984 | O85: 23 MB | P85: 22 MB | Q85: 1048 kB | R85: =IF(ISNUMBER(SEARCH("_2x", L85)), "2x", IF(ISNUMBER(SEARCH("_5x", L85)), "5x", IF(ISNUMBER(SEARCH("_10x", L85)), "10x", "1x"))) -> 2x | AA85: 1 | AB85: =IF(S85=1,$N85,"") | AC85: =IF(T85=1,$N85,"") | AE85: =IF(V85=1,$N85,"") | AF85: =IF(W85=1,$N85,"") | AH85: =IF(Y85=1,$N85,"") | AI85: =IF(Z85=1,$N85,"") | AJ85: =IF(AA85=1,$N85,"") -> 23977984
L86: aa_sdss2023_2x_optimized | M86: galspecextra | N86: 61726720 | O86: 59 MB | P86: 58 MB | Q86: 976 kB | R86: =IF(ISNUMBER(SEARCH("_2x", L86)), "2x", IF(ISNUMBER(SEARCH("_5x", L86)), "5x", IF(ISNUMBER(SEARCH("_10x", L86)), "10x", "1x"))) -> 2x | AA86: 1 | AB86: =IF(S86=1,$N86,"") | AC86: =IF(T86=1,$N86,"") | AE86: =IF(V86=1,$N86,"") | AF86: =IF(W86=1,$N86,"") | AH86: =IF(Y86=1,$N86,"") | AI86: =IF(Z86=1,$N86,"") | AJ86: =IF(AA86=1,$N86,"") -> 61726720
L87: aa_sdss2023_2x_optimized | M87: galspecindx | N87: 125034496 | O87: 119 MB | P87: 2600 kB | Q87: 976 kB | R87: =IF(ISNUMBER(SEARCH("_2x", L87)), "2x", IF(ISNUMBER(SEARCH("_5x", L87)), "5x", IF(ISNUMBER(SEARCH("_10x", L87)), "10x", "1x"))) -> 2x | AA87: 1 | AB87: =IF(S87=1,$N87,"") | AC87: =IF(T87=1,$N87,"") | AE87: =IF(V87=1,$N87,"") | AF87: =IF(W87=1,$N87,"") | AH87: =IF(Y87=1,$N87,"") | AI87: =IF(Z87=1,$N87,"") | AJ87: =IF(AA87=1,$N87,"") -> 125034496
L88: aa_sdss2023_2x_optimized | M88: photoobjall_galaxy | N88: 38813696 | O88: 37 MB | P88: 35 MB | Q88: 1792 kB | R88: =IF(ISNUMBER(SEARCH("_2x", L88)), "2x", IF(ISNUMBER(SEARCH("_5x", L88)), "5x", IF(ISNUMBER(SEARCH("_10x", L88)), "10x", "1x"))) -> 2x | AA88: 1 | AB88: =IF(S88=1,$N88,"") | AC88: =IF(T88=1,$N88,"") | AE88: =IF(V88=1,$N88,"") | AF88: =IF(W88=1,$N88,"") | AH88: =IF(Y88=1,$N88,"") | AI88: =IF(Z88=1,$N88,"") | AJ88: =IF(AA88=1,$N88,"") -> 38813696
L89: aa_sdss2023_2x_optimized | M89: photoobjall_galaxycomplementary | N89: 510656512 | O89: 487 MB | P89: 4776 kB | Q89: 1792 kB | R89: =IF(ISNUMBER(SEARCH("_2x", L89)), "2x", IF(ISNUMBER(SEARCH("_5x", L89)), "5x", IF(ISNUMBER(SEARCH("_10x", L89)), "10x", "1x"))) -> 2x | AA89: 1 | AB89: =IF(S89=1,$N89,"") | AC89: =IF(T89=1,$N89,"") | AE89: =IF(V89=1,$N89,"") | AF89: =IF(W89=1,$N89,"") | AH89: =IF(Y89=1,$N89,"") | AI89: =IF(Z89=1,$N89,"") | AJ89: =IF(AA89=1,$N89,"") -> 510656512
L90: aa_sdss2023_2x_optimized | M90: photoobjall_other | N90: 469647360 | O90: 448 MB | P90: 4504 kB | Q90: 4072 kB | R90: =IF(ISNUMBER(SEARCH("_2x", L90)), "2x", IF(ISNUMBER(SEARCH("_5x", L90)), "5x", IF(ISNUMBER(SEARCH("_10x", L90)), "10x", "1x"))) -> 2x | AA90: 1 | AB90: =IF(S90=1,$N90,"") | AC90: =IF(T90=1,$N90,"") | AE90: =IF(V90=1,$N90,"") | AF90: =IF(W90=1,$N90,"") | AH90: =IF(Y90=1,$N90,"") | AI90: =IF(Z90=1,$N90,"") | AJ90: =IF(AA90=1,$N90,"") -> 469647360
L91: aa_sdss2023_2x_optimized | M91: photoobjall_primary | N91: 18350080 | O91: 18 MB | P91: 17 MB | Q91: 944 kB | R91: =IF(ISNUMBER(SEARCH("_2x", L91)), "2x", IF(ISNUMBER(SEARCH("_5x", L91)), "5x", IF(ISNUMBER(SEARCH("_10x", L91)), "10x", "1x"))) -> 2x | AA91: 1 | AB91: =IF(S91=1,$N91,"") | AC91: =IF(T91=1,$N91,"") | AE91: =IF(V91=1,$N91,"") | AF91: =IF(W91=1,$N91,"") | AH91: =IF(Y91=1,$N91,"") | AI91: =IF(Z91=1,$N91,"") | AJ91: =IF(AA91=1,$N91,"") -> 18350080
L92: aa_sdss2023_2x_optimized | M92: photoobjall_primarycomplementary | N92: 266584064 | O92: 254 MB | P92: 2496 kB | Q92: 944 kB | R92: =IF(ISNUMBER(SEARCH("_2x", L92)), "2x", IF(ISNUMBER(SEARCH("_5x", L92)), "5x", IF(ISNUMBER(SEARCH("_10x", L92)), "10x", "1x"))) -> 2x | AA92: 1 | AB92: =IF(S92=1,$N92,"") | AC92: =IF(T92=1,$N92,"") | AE92: =IF(V92=1,$N92,"") | AF92: =IF(W92=1,$N92,"") | AH92: =IF(Y92=1,$N92,"") | AI92: =IF(Z92=1,$N92,"") | AJ92: =IF(AA92=1,$N92,"") -> 266584064
L93: aa_sdss2023_2x_optimized | M93: photoz | N93: 81920 | O93: 80 kB | P93: 40 kB | Q93: 32 kB | R93: =IF(ISNUMBER(SEARCH("_2x", L93)), "2x", IF(ISNUMBER(SEARCH("_5x", L93)), "5x", IF(ISNUMBER(SEARCH("_10x", L93)), "10x", "1x"))) -> 2x | AA93: 1 | AB93: =IF(S93=1,$N93,"") | AC93: =IF(T93=1,$N93,"") | AE93: =IF(V93=1,$N93,"") | AF93: =IF(W93=1,$N93,"") | AH93: =IF(Y93=1,$N93,"") | AI93: =IF(Z93=1,$N93,"") | AJ93: =IF(AA93=1,$N93,"") -> 81920
L94: aa_sdss2023_2x_optimized | M94: photozcomplementary | N94: 548864 | O94: 536 kB | P94: 496 kB | Q94: 32 kB | R94: =IF(ISNUMBER(SEARCH("_2x", L94)), "2x", IF(ISNUMBER(SEARCH("_5x", L94)), "5x", IF(ISNUMBER(SEARCH("_10x", L94)), "10x", "1x"))) -> 2x | AA94: 1 | AB94: =IF(S94=1,$N94,"") | AC94: =IF(T94=1,$N94,"") | AE94: =IF(V94=1,$N94,"") | AF94: =IF(W94=1,$N94,"") | AH94: =IF(Y94=1,$N94,"") | AI94: =IF(Z94=1,$N94,"") | AJ94: =IF(AA94=1,$N94,"") -> 548864
... L97: aa_sdss2023_2x_optimized | M97: specobjallcomplementary | N97: 141541376 | O97: 135 MB | P97: 2968 kB | Q97: 1104 kB | R97: =IF(ISNUMBER(SEARCH("_2x", L97)), "2x", IF(ISNUMBER(SEARCH("_5x", L97)), "5x", IF(ISNUMBER(SEARCH("_10x", L97)), "10x", "1x"))) -> 2x | AA97: 1 | AB97: =IF(S97=1,$N97,"") | AC97: =IF(T97=1,$N97,"") | AE97: =IF(V97=1,$N97,"") | AF97: =IF(W97=1,$N97,"") | AH97: =IF(Y97=1,$N97,"") | AI97: =IF(Z97=1,$N97,"") | AJ97: =IF(AA97=1,$N97,"") -> 141541376
L98: aa_sdss2003_5x | M98: photoobjall | N98: 3126829056 | O98: 2982 MB | P98: 29 MB | Q98: 26 MB | R98: =IF(ISNUMBER(SEARCH("_2x", L98)), "2x", IF(ISNUMBER(SEARCH("_5x", L98)), "5x", IF(ISNUMBER(SEARCH("_10x", L98)), "10x", "1x"))) -> 5x | S98: 1 | AB98: =IF(S98=1,$N98,"") -> 3126829056 | AC98: =IF(T98=1,$N98,"") | AE98: =IF(V98=1,$N98,"") | AF98: =IF(W98=1,$N98,"") | AH98: =IF(Y98=1,$N98,"") | AI98: =IF(Z98=1,$N98,"") | AJ98: =IF(AA98=1,$N98,"")
L99: aa_sdss2003_5x | M99: photoz | N99: 90570752 | O99: 86 MB | P99: 83 MB | Q99: 3760 kB | R99: =IF(ISNUMBER(SEARCH("_2x", L99)), "2x", IF(ISNUMBER(SEARCH("_5x", L99)), "5x", IF(ISNUMBER(SEARCH("_10x", L99)), "10x", "1x"))) -> 5x | S99: 1 | T99: 1 | AB99: =IF(S99=1,$N99,"") -> 90570752 | AC99: =IF(T99=1,$N99,"") -> 90570752 | AE99: =IF(V99=1,$N99,"") | AF99: =IF(W99=1,$N99,"") | AH99: =IF(Y99=1,$N99,"") | AI99: =IF(Z99=1,$N99,"") | AJ99: =IF(AA99=1,$N99,"")
L100: aa_sdss2003_5x | M100: specobjall | N100: 360235008 | O100: 344 MB | P100: 7432 kB | Q100: 9088 kB | R100: =IF(ISNUMBER(SEARCH("_2x", L100)), "2x", IF(ISNUMBER(SEARCH("_5x", L100)), "5x", IF(ISNUMBER(SEARCH("_10x", L100)), "10x", "1x"))) -> 5x | S100: 1 | AB100: =IF(S100=1,$N100,"") -> 360235008 | AC100: =IF(T100=1,$N100,"") | AE100: =IF(V100=1,$N100,"") | AF100: =IF(W100=1,$N100,"") | AH100: =IF(Y100=1,$N100,"") | AI100: =IF(Z100=1,$N100,"") | AJ100: =IF(AA100=1,$N100,"")
L101: aa_sdss2003_5x_optimized | M101: field | N101: 70385664 | O101: 67 MB | P101: 664 kB | Q101: 264 kB | R101: =IF(ISNUMBER(SEARCH("_2x", L101)), "2x", IF(ISNUMBER(SEARCH("_5x", L101)), "5x", IF(ISNUMBER(SEARCH("_10x", L101)), "10x", "1x"))) -> 5x | V101: 1 | Y101: 1 | AB101: =IF(S101=1,$N101,"") | AC101: =IF(T101=1,$N101,"") | AE101: =IF(V101=1,$N101,"") -> 70385664 | AF101: =IF(W101=1,$N101,"") | AH101: =IF(Y101=1,$N101,"") -> 70385664 | AI101: =IF(Z101=1,$N101,"") | AJ101: =IF(AA101=1,$N101,"")
L102: aa_sdss2003_5x_optimized | M102: frame | N102: 31948800 | O102: 30 MB | P102: 29 MB | Q102: 1392 kB | R102: =IF(ISNUMBER(SEARCH("_2x", L102)), "2x", IF(ISNUMBER(SEARCH("_5x", L102)), "5x", IF(ISNUMBER(SEARCH("_10x", L102)), "10x", "1x"))) -> 5x | V102: 1 | Y102: 1 | AB102: =IF(S102=1,$N102,"") | AC102: =IF(T102=1,$N102,"") | AE102: =IF(V102=1,$N102,"") -> 31948800 | AF102: =IF(W102=1,$N102,"") | AH102: =IF(Y102=1,$N102,"") -> 31948800 | AI102: =IF(Z102=1,$N102,"") | AJ102: =IF(AA102=1,$N102,"")
L103: aa_sdss2003_5x_optimized | M103: galspecextra | N103: 156729344 | O103: 149 MB | P103: 147 MB | Q103: 2424 kB | R103: =IF(ISNUMBER(SEARCH("_2x", L103)), "2x", IF(ISNUMBER(SEARCH("_5x", L103)), "5x", IF(ISNUMBER(SEARCH("_10x", L103)), "10x", "1x"))) -> 5x | Y103: 1 | AB103: =IF(S103=1,$N103,"") | AC103: =IF(T103=1,$N103,"") | AE103: =IF(V103=1,$N103,"") | AF103: =IF(W103=1,$N103,"") | AH103: =IF(Y103=1,$N103,"") -> 156729344 | AI103: =IF(Z103=1,$N103,"") | AJ103: =IF(AA103=1,$N103,"")
L104: aa_sdss2003_5x_optimized | M104: galspecindx | N104: 312451072 | O104: 298 MB | P104: 6488 kB | Q104: 2424 kB | R104: =IF(ISNUMBER(SEARCH("_2x", L104)), "2x", IF(ISNUMBER(SEARCH("_5x", L104)), "5x", IF(ISNUMBER(SEARCH("_10x", L104)), "10x", "1x"))) -> 5x | V104: 1 | Y104: 1 | AB104: =IF(S104=1,$N104,"") | AC104: =IF(T104=1,$N104,"") | AE104: =IF(V104=1,$N104,"") -> 312451072 | AF104: =IF(W104=1,$N104,"") | AH104: =IF(Y104=1,$N104,"") -> 312451072 | AI104: =IF(Z104=1,$N104,"") | AJ104: =IF(AA104=1,$N104,"")
...

Sheet Optimization
B1: Average query time (ms)
A2: Scale | B2: $W^{\alpha}$ | D2: $W^{\beta}$ | G2: $W^{\gamma}$
B3: $D_1$ | C3: $D_1^{\alpha}$ | D3: $D_2$ | E3: $D_2^{\alpha}$ | F3: $D_2^{\beta}$ | G3: $D_3$ | H3: $D_3^{\alpha}$ | I3: $D_3^{\beta}$ | J3: $D_3^{\gamma}$
A4: 100K | B4: ='Query 1x'!$E$8 -> 73.819725 | C4: ='Query 1x'!$E$17 -> 7.5770483 | D4: ='Query 1x'!$W$30 -> 27.74019 | E4: ='Query 1x'!$E$30 -> 63.706097 | F4: ='Query 1x'!$N$30 -> 1.4927657 | G4: ='Query 1x'!$AF$49 -> 145.8533 | H4: ='Query 1x'!$E$49 -> 571.1808 | I4: ='Query 1x'!$N$49 -> 269.71696 | J4: ='Query 1x'!$W$49 -> 66.730691 | L4: 100000
A5: 200K | B5: ='Query 2x'!$E$8 -> 71.277345 | C5: ='Query 2x'!$E$17 -> 5.4333374 | D5: ='Query 2x'!$U$30 -> 26.269221 | E5: ='Query 2x'!$E$30 -> 60.175215 | F5: ='Query 2x'!$M$30 -> 1.4542145 | G5: ='Query 2x'!$AC$49 -> 285.37463 | H5: ='Query 2x'!$E$49 -> 1124.4442 | I5: ='Query 2x'!$M$49 -> 490.92731 | J5: ='Query 2x'!$U$49 -> 45.527085 | L5: 200000
A6: 500K | B6: ='Query 5x'!$E$8 -> 64.422173 | C6: ='Query 5x'!$E$17 -> 4.9863845 | D6: ='Query 5x'!$U$30 -> 25.537469 | E6: ='Query 5x'!$E$30 -> 62.661454 | F6: ='Query 5x'!$M$30 -> 1.9067935 | G6: ='Query 5x'!$AC$49 -> 714.5402 | H6: ='Query 5x'!$E$49 -> 1546.356 | I6: ='Query 5x'!$M$49 -> 1134.6376 | J6: ='Query 5x'!$U$49 -> 125.52677 | L6: 500000
A7: 1M | B7: ='Query 10x'!$E$8 -> 77.883946 | C7: ='Query 10x'!$E$17 -> 5.3762777 | D7: ='Query 10x'!$W$30 -> 27.828198 | E7: ='Query 10x'!$E$30 -> 63.700057 | F7: ='Query 10x'!$N$30 -> 2.0428436 | G7: ='Query 10x'!$AF$49 -> 1125.2167 | H7: ='Query 10x'!$E$49 -> 3249.2021 | I7: ='Query 10x'!$N$49 -> 2304.2816 | J7: ='Query 10x'!$W$49 -> 240.55844 | L7: 1000000
B9: =CORREL(B4:B7,$L$4:$L$7) -> 0.35046418 | C9: =CORREL(C4:C7,$L$4:$L$7) -> -0.56544443 | D9: =CORREL(D4:D7,$L$4:$L$7) -> 0.22398669 | E9: =CORREL(E4:E7,$L$4:$L$7) -> 0.40989678 | F9: =CORREL(F4:F7,$L$4:$L$7) -> 0.93024904 | G9: =CORREL(G4:G7,$L$4:$L$7) -> 0.98977368 | H9: =CORREL(H4:H7,$L$4:$L$7) -> 0.98745784 | I9: =CORREL(I4:I7,$L$4:$L$7) -> 0.99978388 | J9: =CORREL(J4:J7,$L$4:$L$7) -> 0.97930706
B11: 6124

Sheet Migration
A1: alpha to beta | J1: beta to gamma
A2: scale | B2: time saving in sec | C2: time saving in sec | D2: time saving in h | E2: migration time in sec | J2: scale | K2: time saving in sec | L2: time saving in sec | M2: time saving in d | N2: migration time
A3: 1 | B3: =('Query 1x'!$E$30-'Query 1x'!$N$30)*B$8/1000 -> 622.13332 | C3: =('Query 1x'!$E$30-'Query 1x'!$N$30)*C$8/1000 -> 92643.49 | D3: =C3/60/60/24 -> 1.0722626 | E3: ='Mig 1x'!$K$8 -> 55.1 | J3: 1 | K3: =('Query 1x'!$N$49-'Query 1x'!$W$49)*K8/1000 -> 2029.8627 | L3: =('Query 1x'!$N$49-'Query 1x'!$W$49)*L8/1000 -> 735498.41 | M3: =L3/60/60/24 -> 8.5127131 | N3: ='Mig 1x'!$K$13 -> 93
A4: 2 | B4: =('Query 2x'!$E$30-'Query 2x'!$M$30)*B$8/1000 -> 587.21001 | C4: =('Query 2x'!$E$30-'Query 2x'!$M$30)*C$8/1000 -> 87442.969 | D4: =C4/60/60/24 -> 1.0120714 | E4: ='Mig 2x'!$K$8 -> 127.1 | J4: 2 | K4: =('Query 2x'!$M$49-'Query 2x'!$U$49)*K8/1000 -> 4454.0022 | L4: =('Query 2x'!$M$49-'Query 2x'!$U$49)*L8/1000 -> 1613858.7 | M4: =L4/60/60/24 -> 18.67892 | N4: ='Mig 2x'!$K$13 -> 233.3
A5: 5 | B5: =('Query 5x'!$E$30-'Query 5x'!$M$30)*B$8/1000 -> 607.54661 | C5: =('Query 5x'!$E$30-'Query 5x'!$M$30)*C$8/1000 -> 90471.345 | D5: =C5/60/60/24 -> 1.047122 | E5: ='Mig 5x'!$K$8 -> 319.2 | J5: 5 | K5: =('Query 5x'!$M$49-'Query 5x'!$U$49)*K8/1000 -> 10091.108 | L5: =('Query 5x'!$M$49-'Query 5x'!$U$49)*L8/1000 -> 3656402.1 | M5: =L5/60/60/24 -> 42.319469 | N5: ='Mig 5x'!$K$13 -> 521.9
A6: 10 | B6: =('Query 10x'!$E$30-'Query 10x'!$N$30)*B$8/1000 -> 616.57214 | C6: =('Query 10x'!$E$30-'Query 10x'!$N$30)*C$8/1000 -> 91815.36 | D6: =C6/60/60/24 -> 1.0626778 | E6: ='Mig 10x'!$K$8 -> 675 | J6: 10 | K6: =('Query 10x'!$N$49-'Query 10x'!$W$49)*K8/1000 -> 20637.232 | L6: =('Query 10x'!$N$49-'Query 10x'!$W$49)*L8/1000 -> 7477674 | M6: =L6/60/60/24 -> 86.547153 | N6: ='Mig 10x'!$K$13 -> 922
A8: |W| | B8: 10000 | C8: 1489126 | J8: |W| | K8: 10000 | L8: 3623390
E10: 51.5 | F10: =1/E10 -> 0.019417476
A11: Seconds per month | C11: =30*24*60*60 -> 2592000 | E11: 1.74 | F11: =1/E11 -> 0.57471264 | J11: Seconds per month | L11: =30*24*60*60 -> 2592000
A12: 1 query every ... seconds | C12: =C11/C8 -> 1.7406183 | E12: 0.72 | F12: =1/E12 -> 1.3888889 | J12: 1 query every ... seconds | L12: =L11/L8 -> 0.7153522
A14: alpha to beta | J14: alpha to beta
A15: Scale | B15: Time saved per query (s) | C15: Time saved per workload (h) | D15: Migration time (s) | E15: N. queries to reach migration time | F15: Time to reach migration time (min) | G15: Workload percentage to reach migration time | J15: Scale | K15: Time saved per query (s) | L15: Time saved per workload (h) | M15: Migration time (s) | N15: N. queries to reach migration time | O15: Time to reach migration time (min) | P15: Workload percentage to reach migration time
A16: 1 | B16: =('Query 1x'!$E$30-'Query 1x'!$N$30)/1000 -> 0.062213332 | C16: =B16*C$8/60/60/24 -> 1.0722626 | D16: ='Mig 1x'!$K$8 -> 55.1 | E16: =ROUNDUP(E3/B16,0) -> 886 | F16: =E16*C$12/60 -> 25.703131 | G16: =E16/C$8 -> 0.00059497987 | J16: 1 | K16: =('Query 1x'!$N$49-'Query 1x'!$W$49)/1000 -> 0.20298627 | L16: =K16*L$8/60/60/24 -> 8.5127131 | M16: ='Mig 1x'!$K$13 -> 93 | N16: =ROUNDUP(N3/K16,0) -> 459 | O16: =N16*L$12/60 -> 5.4724443 | P16: =N16/L$8 -> 0.00012667695
A17: 2 | B17: =('Query 2x'!$E$30-'Query 2x'!$M$30)/1000 -> 0.058721001 | C17: =B17*C$8/60/60/24 -> 1.0120714 | D17: ='Mig 2x'!$K$8 -> 127.1 | E17: =ROUNDUP(E4/B17,0) -> 2165 | F17: =E17*C$12/60 -> 62.807311 | G17: =E17/C$8 -> 0.0014538729 | J17: 2 | K17: =('Query 2x'!$M$49-'Query 2x'!$U$49)/1000 -> 0.44540022 | L17: =K17*L$8/60/60/24 -> 18.67892 | M17: ='Mig 2x'!$K$13 -> 233.3 | N17: =ROUNDUP(N4/K17,0) -> 524 | O17: =N17*L$12/60 -> 6.2474092 | P17: =N17/L$8 -> 0.00014461595
A18: 5 | B18: =('Query 5x'!$E$30-'Query 5x'!$M$30)/1000 -> 0.060754661 | C18: =B18*C$8/60/60/24 -> 1.047122 | D18: ='Mig 5x'!$K$8 -> 319.2 | E18: =ROUNDUP(E5/B18,0) -> 5254 | F18: =E18*C$12/60 -> 152.42014 | G18: =E18/C$8 -> 0.0035282441 | J18: 5 | K18: =('Query 5x'!$M$49-'Query 5x'!$U$49)/1000 -> 1.0091108 | L18: =K18*L$8/60/60/24 -> 42.319469 | M18: ='Mig 5x'!$K$13 -> 521.9 | N18: =ROUNDUP(N5/K18,0) -> 518 | O18: =N18*L$12/60 -> 6.175874 | P18: =N18/L$8 -> 0.00014296005
A19: 10 | B19: =('Query 10x'!$E$30-'Query 10x'!$N$30)/1000 -> 0.061657214 | C19: =B19*C$8/60/60/24 -> 1.0626778 | D19: ='Mig 10x'!$K$8 -> 675 | E19: =ROUNDUP(E6/B19,0) -> 10948 | F19: =E19*C$12/60 -> 317.60482 | G19: =E19/C$8 -> 0.0073519635 | J19: 10 | K19: =('Query 10x'!$N$49-'Query 10x'!$W$49)/1000 -> 2.0637232 | L19: =K19*L$8/60/60/24 -> 86.547153 | M19: ='Mig 10x'!$K$13 -> 922 | N19: =ROUNDUP(N6/K19,0) -> 447 | O19: =N19*L$12/60 -> 5.3293739 | P19: =N19/L$8 -> 0.00012336514
J20: 12310 | K20: =K16*J20 -> 2498.7609 | L20: =K20*L$8/60/60/24 -> 104791.5 | M20: =M16*J20 -> 1144830 | N20: =ROUNDUP(M20/K20,0) -> 459 | O20: =N20*L$12/60 -> 5.4724443 | P20: =N20/L$8 -> 0.00012667695
A24: scale | B24: 1000 | C24: 10000 | D24: 100000 | E24: 1000000 | F24: 10000000 | G24: TP | J24: scale | K24: 1000 | L24: 10000 | M24: 100000 | N24: 1000000 | O24: 10000000 | P24: TP
A25: 1 | B25: =ROUNDUP($B16*B$24,0) -> 63 | C25: =ROUNDUP($B16*C$24,0) -> 623 | D25: =ROUNDUP($B16*D$24,0) -> 6222 | E25: =ROUNDUP($B16*E$24,0) -> 62214 | F25: =ROUNDUP($B16*F$24,0) -> 622134 | G25: =E16 -> 886 | J25: 1 | K25: =ROUNDUP($K16*K$24,0) -> 203 | L25: =ROUNDUP($K16*L$24,0) -> 2030 | M25: =ROUNDUP($K16*M$24,0) -> 20299 | N25: =ROUNDUP($K16*N$24,0) -> 202987 | O25: =ROUNDUP($K16*O$24,0) -> 2029863 | P25: =N16 -> 459
A26: 2 | B26: =ROUNDUP($B17*B$24,0) -> 59 | C26: =ROUNDUP($B17*C$24,0) -> 588 | D26: =ROUNDUP($B17*D$24,0) -> 5873 | E26: =ROUNDUP($B17*E$24,0) -> 58722 | F26: =ROUNDUP($B17*F$24,0) -> 587211 | G26: =E17 -> 2165 | J26: 2 | K26: =ROUNDUP($K17*K$24,0) -> 446 | L26: =ROUNDUP($K17*L$24,0) -> 4455 | M26: =ROUNDUP($K17*M$24,0) -> 44541 | N26: =ROUNDUP($K17*N$24,0) -> 445401 | O26: =ROUNDUP($K17*O$24,0) -> 4454003 | P26: =N17 -> 524
A27: 5 | B27: =ROUNDUP($B18*B$24,0) -> 61 | C27: =ROUNDUP($B18*C$24,0) -> 608 | D27: =ROUNDUP($B18*D$24,0) -> 6076 | E27: =ROUNDUP($B18*E$24,0) -> 60755 | F27: =ROUNDUP($B18*F$24,0) -> 607547 | G27: =E18 -> 5254 | J27: 5 | K27: =ROUNDUP($K18*K$24,0) -> 1010 | L27: =ROUNDUP($K18*L$24,0) -> 10092 | M27: =ROUNDUP($K18*M$24,0) -> 100912 | N27: =ROUNDUP($K18*N$24,0) -> 1009111 | O27: =ROUNDUP($K18*O$24,0) -> 10091109 | P27: =N18 -> 518
A28: 10 | B28: =ROUNDUP($B19*B$24,0) -> 62 | C28: =ROUNDUP($B19*C$24,0) -> 617 | D28: =ROUNDUP($B19*D$24,0) -> 6166 | E28: =ROUNDUP($B19*E$24,0) -> 61658 | F28: =ROUNDUP($B19*F$24,0) -> 616573 | G28: =E19 -> 10948 | J28: 10 | K28: =ROUNDUP($K19*K$24,0) -> 2064 | L28: =ROUNDUP($K19*L$24,0) -> 20638 | M28: =ROUNDUP($K19*M$24,0) -> 206373 | N28: =ROUNDUP($K19*N$24,0) -> 2063724 | O28: =ROUNDUP($K19*O$24,0) -> 20637232 | P28: =N19 -> 447
J29: 12310 | K29: =K25*$J29 -> 2498930 | L29: =L25*$J29 -> 24989300 | M29: =M25*$J29 -> 249880690 | N29: =N25*$J29 -> 2498769970 | O29: =O25*$J29 -> 24987613530
A31: scale | J31: scale
A32: 1 | B32: =B16*C$8 -> 92643.49 | C32: if db is big enough to make mig time >90Kseconds, then mig is not convenient | J32: 1 | K32: =K16*L$8 -> 735498.41
A33: 2 | B33: =B17*C$8 -> 87442.969 | J33: 2 | K33: =K17*L$8 -> 1613858.7
A34: 5 | B34: =B18*C$8 -> 90471.345 | J34: 5 | K34: =K18*L$8 -> 3656402.1
A35: 10 | B35: =B19*C$8 -> 91815.36 | J35: 10 | K35: =K19*L$8 -> 7477674
J36: 12310 | K36: =K20*L$8 -> 9.0539854e+09
A38: scale | B38: 1 | C38: 10 | D38: 100 | E38: 1000 | F38: 10000 | G38: 100000 | J38: scale | K38: 1 | L38: 10 | M38: 100 | N38: 1000 | O38: 10000 | P38: 100000
A39: 1 | B39: =B$38/$C$12*$B16 -> 0.035742087 | C39: =C$38/$C$12*$B16 -> 0.35742087 | D39: =D$38/$C$12*$B16 -> 3.5742087 | E39: =E$38/$C$12*$B16 -> 35.742087 | F39: =F$38/$C$12*$B16 -> 357.42087 | G39: =G$38/$C$12*$B16 -> 3574.2087 | J39: 1 | K39: =K$38/$L$12*$K16 -> 0.2837571 | L39: =L$38/$L$12*$K16 -> 2.837571 | M39: =M$38/$L$12*$K16 -> 28.37571 | N39: =N$38/$L$12*$K16 -> 283.7571 | O39: =O$38/$L$12*$K16 -> 2837.571 | P39: =P$38/$L$12*$K16 -> 28375.71
A40: 2 | B40: =B$38/$C$12*$B17 -> 0.033735713 | C40: =C$38/$C$12*$B17 -> 0.33735713 | D40: =D$38/$C$12*$B17 -> 3.3735713 | E40: =E$38/$C$12*$B17 -> 33.735713 | F40: =F$38/$C$12*$B17 -> 337.35713 | G40: =G$38/$C$12*$B17 -> 3373.5713 | J40: 2 | K40: =K$38/$L$12*$K17 -> 0.62263068 | L40: =L$38/$L$12*$K17 -> 6.2263068 | M40: =M$38/$L$12*$K17 -> 62.263068 | N40: =N$38/$L$12*$K17 -> 622.63068 | O40: =O$38/$L$12*$K17 -> 6226.3068 | P40: =P$38/$L$12*$K17 -> 62263.068
A41: 5 | B41: =B$38/$C$12*$B18 -> 0.034904068 | C41: =C$38/$C$12*$B18 -> 0.34904068 | D41: =D$38/$C$12*$B18 -> 3.4904068 | E41: =E$38/$C$12*$B18 -> 34.904068 | F41: =F$38/$C$12*$B18 -> 349.04068 | G41: =G$38/$C$12*$B18 -> 3490.4068 | J41: 5 | K41: =K$38/$L$12*$K18 -> 1.410649 | L41: =L$38/$L$12*$K18 -> 14.10649 | M41: =M$38/$L$12*$K18 -> 141.0649 | N41: =N$38/$L$12*$K18 -> 1410.649 | O41: =O$38/$L$12*$K18 -> 14106.49 | P41: =P$38/$L$12*$K18 -> 141064.9
A42: 10 | B42: =B$38/$C$12*$B19 -> 0.035422593 | C42: =C$38/$C$12*$B19 -> 0.35422593 | D42: =D$38/$C$12*$B19 -> 3.5422593 | E42: =E$38/$C$12*$B19 -> 35.422593 | F42: =F$38/$C$12*$B19 -> 354.22593 | G42: =G$38/$C$12*$B19 -> 3542.2593 | J42: 10 | K42: =K$38/$L$12*$K19 -> 2.8849051 | L42: =L$38/$L$12*$K19 -> 28.849051 | M42: =M$38/$L$12*$K19 -> 288.49051 | N42: =N$38/$L$12*$K19 -> 2884.9051 | O42: =O$38/$L$12*$K19 -> 28849.051 | P42: =P$38/$L$12*$K19 -> 288490.51

Sheet Workload
A1: Workload | B1: N. query patterns | C1: N. queries per month | D1: Query frequency (s)
A2: $W^{\alpha}$ | B2: 5 | C2: 50333 | D2: =C$8/C2 -> 51.49703
A3: $W^{\beta}$ | B3: 19 | C3: 1489126 | D3: =C$8/C3 -> 1.7406183
A4: $W^{\gamma}$ | B4: 21 | C4: 3623390 | D4: =C$8/C4 -> 0.7153522
A8: Seconds per month | C8: =30*24*60*60 -> 2592000
